model,regime,production_case_id,pair,particle_material,substrate_material,impact_velocity_m_s,velocity_level_index,constitutive_review_flags,case_gate_decision,solve_reuse,terminal_particle_volume_weighted_velocity_m_s__actual,terminal_particle_volume_weighted_velocity_m_s__predicted,terminal_particle_volume_weighted_velocity_m_s__residual,particle_axial_flattening_percent__actual,particle_axial_flattening_percent__predicted,particle_axial_flattening_percent__residual,normalized_crater_depth__actual,normalized_crater_depth__predicted,normalized_crater_depth__residual,particle_peeqvavg_p95__actual,particle_peeqvavg_p95__predicted,particle_peeqvavg_p95__residual,substrate_peeq_p95__actual,substrate_peeq_p95__predicted,substrate_peeq_p95__residual,particle_temperature_max_k__actual,particle_temperature_max_k__predicted,particle_temperature_max_k__residual,substrate_temperature_max_k__actual,substrate_temperature_max_k__predicted,substrate_temperature_max_k__residual,maximum_temperature_over_melt__actual,maximum_temperature_over_melt__predicted,maximum_temperature_over_melt__residual,peak_contact_pressure_pa__actual,peak_contact_pressure_pa__predicted,peak_contact_pressure_pa__residual
RidgeCV,pair_aware_velocity_interpolation,MMCELP4_AL6061_SS304_V00,Al6061->SS304,Al6061,SS304,500.0,0,,PASS_CEL_P4_CASE,True,18.043974421140515,23.50088615270235,5.456911731561835,45.920668854891936,48.65914320076989,2.738474345877954,0.0242738747147086,0.02041912299153814,-0.0038547517231704576,1.668180227279663,1.684128634834905,0.01594840755524185,0.0046868380159139,0.00021763778125591382,-0.004469200234657986,573.2646484375,562.7470507482924,-10.517597689207605,346.1105651855469,324.43549905072337,-21.67506613482351,0.6197455658783784,0.606090449386645,-0.013655116491733343,4404755456.0,3553168878.889059,-851586577.1109409
RidgeCV,pair_aware_velocity_interpolation,MMCELP4_AL6061_SS304_V01,Al6061->SS304,Al6061,SS304,522.5,1,,PASS_CEL_P4_CASE,False,21.591865991018583,27.137850254211187,5.545984263192604,50.10490815246885,51.26498028978992,1.160072137321066,0.0266323650066624,0.023980957970855227,-0.0026514070358071747,1.7879618406295776,1.6664582908294243,-0.12150354980015332,0.005771396216005,0.0023046712041588924,-0.003466725011846108,581.5857543945312,567.385370006034,-14.200384388497241,350.8030090332031,337.791687566521,-13.011321466682148,0.628741356102196,0.6121632212974382,-0.016578134804757783,4573826560.0,4145961063.554345,-427865496.44565487
RidgeCV,pair_aware_velocity_interpolation,MMCELP4_AL6061_SS304_V02,Al6061->SS304,Al6061,SS304,545.0,2,,PASS_CEL_P4_CASE,False,26.525303023965247,28.39832389762219,1.8730208736569445,53.78097508895565,53.9111281058027,0.1301530168470535,0.0295170684694312,0.0275234780219544,-0.0019935904474767986,1.8031163215637207,1.7247041826902167,-0.07841213887350396,0.0069258143194019,0.004612743778991457,-0.0023130705404104425,587.7904663085938,575.6225530859891,-12.167913222604625,357.0417175292969,348.8765365333262,-8.165180995970672,0.6354491527660473,0.6214040081770541,-0.014045144588993197,4463964160.0,4698532376.993551,234568216.99355125
RidgeCV,pair_aware_velocity_interpolation,MMCELP4_AL6061_SS304_V03,Al6061->SS304,Al6061,SS304,567.5,3,,PASS_CEL_P4_CASE,False,32.4137395448175,29.93498261944211,-2.478756925375393,57.49974160071498,56.67475117710708,-0.8249904236078933,0.0316800469590816,0.031143133468376633,-0.0005369134907049697,1.653112292289734,1.801806904043688,0.14869461175395382,0.0081996228545904,0.006904946120214861,-0.0012946767343755394,580.0794677734375,585.4785743013824,5.399106527944923,364.5654602050781,359.6613181429932,-4.904142062084929,0.6271129381334459,0.6323708906019356,0.005257952468489702,4873634816.0,5115116883.636334,241482067.63633442
RidgeCV,pair_aware_velocity_interpolation,MMCELP4_AL6061_SS304_V04,Al6061->SS304,Al6061,SS304,590.0,4,,PASS_CEL_P4_CASE,False,38.05064691090263,31.99979464540941,-6.050852265493219,61.24506574612736,59.52142907816014,-1.7236366679672201,0.034450238217687,0.03470344737102196,0.0002532091533349601,1.7630763053894043,1.8327123248504136,0.06963601946100928,0.0095267239958047,0.009275681784718381,-0.0002510422110863185,584.3697509765625,591.9966621394299,7.626911162867373,370.8575134277344,370.5382185751762,-0.3192948525581869,0.6317510821368243,0.6397730253691706,0.008021943232346285,5088556032.0,5570261451.310507,481705419.3105068
RidgeCV,pair_aware_velocity_interpolation,MMCELP4_AL6061_SS304_V05,Al6061->SS304,Al6061,SS304,612.5,5,,PASS_CEL_P4_CASE,False,42.47747075793358,35.39192932313827,-7.08554143479531,64.34410045167118,62.81119541549637,-1.5329050361748102,0.0378255413124861,0.037902362900086084,7.682158759998725e-05,1.8607378005981443,1.8482557356848892,-0.012482064913255098,0.0111608561128377,0.011256713924709588,9.58578118718887e-05,590.1805419921875,597.5565497335409,7.376007741353419,376.8821411132813,378.63564399996255,1.7535028866812468,0.6380330183699324,0.6460185846665552,0.007985566296622726,5760931840.0,5918404099.7361145,157472259.7361145
RidgeCV,pair_aware_velocity_interpolation,MMCELP4_AL6061_SS304_V06,Al6061->SS304,Al6061,SS304,635.0,6,,PASS_CEL_P4_CASE,False,44.56743548437754,35.433301143367025,-9.134134341010515,66.81030585142365,65.22723464378305,-1.5830712076406002,0.041099265217781,0.04133652087652773,0.0002372556587467295,1.9218974113464355,1.8978934759325687,-0.024003935413866806,0.0128129823133349,0.01347431003203639,0.0006613277187014904,596.7991943359375,605.9127933482846,9.113599012347095,383.4448852539063,388.63046532934175,5.185580075435439,0.6451883182010135,0.655203420076949,0.010015101875935462,6028742656.0,6438501271.863885,409758615.8638849
RidgeCV,pair_aware_velocity_interpolation,MMCELP4_AL6061_SS304_V07,Al6061->SS304,Al6061,SS304,657.5,7,,PASS_CEL_P4_CASE,False,43.51825159373853,37.21209967998643,-6.306151913752103,68.99199382474796,68.04952762731443,-0.9424661974335322,0.0434073854194139,0.04517163574549507,0.001764250326081171,1.939573884010315,1.9477177707593212,0.008143886749006235,0.0145276794210076,0.016126379292855764,0.0015986998718481634,602.6187744140625,613.8297766940343,11.211002279971808,393.2791137695313,398.8426254623637,5.563511692832378,0.6514797561233108,0.6641180032409069,0.012638247117596091,6811379200.0,6884119547.17297,72740347.17296982
RidgeCV,pair_aware_velocity_interpolation,MMCELP4_AL6061_SS304_V08,Al6061->SS304,Al6061,SS304,680.0,8,,PASS_CEL_P4_CASE,False,40.17405609349533,39.63747910846918,-0.5365769850261515,71.01435262335012,70.95610968778232,-0.058242935567804466,0.0472265310236252,0.04886698077268603,0.0016404497490608294,1.9300637245178225,2.0119046247476557,0.08184090022983326,0.0164469387382268,0.018858222416148623,0.002411283677921823,613.158935546875,621.4716164099414,8.312680863066362,399.4102478027344,409.42056431387005,10.01031651113567,0.6628745249155406,0.6728021731249253,0.009927648209384743,7541570560.0,7277718049.534209,-263852510.46579075
RidgeCV,pair_aware_velocity_interpolation,MMCELP4_AL6061_SS304_V09,Al6061->SS304,Al6061,SS304,702.5,9,,PASS_CEL_P4_CASE,False,35.874474877651444,43.008010236981775,7.133535359330331,72.91980821485562,73.9631081002491,1.0432998853934805,0.0505901743963477,0.05262453887039295,0.0020343644740452513,1.9907753467559812,2.053095591824567,0.0623202450685858,0.0185575354844331,0.021627297176144422,0.003069761691711321,633.0687255859375,625.17791030371,-7.89081528222755,406.0269775390625,420.20160639826474,14.174628859202244,0.6843986222550675,0.677385858954662,-0.007012763300405567,7978577408.0,7733897087.387314,-244680320.61268616
RidgeCV,pair_aware_velocity_interpolation,MMCELP4_AL6061_SS304_V10,Al6061->SS304,Al6061,SS304,725.0,10,,PASS_CEL_P4_CASE,True,31.444728681368595,46.97739703201413,15.532668350645537,74.430824804356,76.84566630147143,2.414841497115418,0.0537305686520994,0.056653436436049004,0.0029228677839496023,2.1979613304138184,2.014675803654953,-0.18328552675886556,0.0207446031272411,0.024644795868991987,0.0039001927417508866,641.3214721679688,631.6122408714605,-9.709231296508278,419.06353759765625,430.2598204400475,11.19628284239127,0.6933205104518582,0.684943711969262,-0.008376798482596204,8295150080.0,8297392656.961234,2242576.9612340927
RidgeCV,pair_aware_velocity_interpolation,MMCELP4_CU_CU_V00,Cu->Cu,Cu,Cu,300.0,0,,PASS_CEL_P4_CASE,True,23.451065782531632,17.573798249021436,-5.877267533510196,30.97533646372405,39.2797901175609,8.304453653836848,0.1769557820807676,0.19868368401194203,0.021727901931174437,0.9555360078811646,1.1208878104499254,0.1653518025687608,0.1418847292661667,0.1607292700938309,0.018844540827664208,433.5928039550781,457.50240176894874,23.90959781387062,490.9577941894531,504.94430819632566,13.98651400687254,0.3620632700512191,0.3948290101784747,0.03276574012725564,4025972992.0,7652109224.723338,3626136232.723338
RidgeCV,pair_aware_velocity_interpolation,MMCELP4_CU_CU_V01,Cu->Cu,Cu,Cu,355.0,1,,PASS_CEL_P4_CASE,False,27.812176390067144,23.743049885395962,-4.069126504671182,34.41923506462904,39.02166506508827,4.602430000459229,0.2277456769661512,0.2400087163403701,0.01226303937421891,1.1063930988311768,1.2022719490905016,0.09587885025932485,0.2114320248365402,0.2242871558397508,0.012855131003210618,468.7227783203125,486.021299993703,17.298521673390496,571.447021484375,573.2804769421551,1.8334554577801327,0.4214211072893621,0.43135354665131076,0.009932439361948653,7086087680.0,8108230111.140646,1022142431.140646
RidgeCV,pair_aware_velocity_interpolation,MMCELP4_CU_CU_V02,Cu->Cu,Cu,Cu,410.0,2,,PASS_CEL_P4_CASE,False,29.120214472964573,29.33200229783428,0.21178782486970604,37.73277714641386,38.270305487055026,0.5375283406411668,0.2820364170474931,0.2825602320735067,0.0005238150260136187,1.272550344467163,1.2808924071198975,0.008342062652734406,0.2848927080631256,0.2896170673561871,0.004724359293061475,513.696044921875,511.7430625540395,-1.9529823678354887,636.7523193359375,631.2281830928861,-5.52413624305143,0.4695813564424317,0.46423327268001036,-0.005348083762421352,14053585920.0,8128824777.884587,-5924761142.115413
RidgeCV,pair_aware_velocity_interpolation,MMCELP4_CU_CU_V03,Cu->Cu,Cu,Cu,465.0,3,,PASS_CEL_P4_CASE,False,30.943849284549174,33.557532198173256,2.613682913624082,40.681998957091935,37.41579632323688,-3.266202633855052,0.3381293208803981,0.329806984830155,-0.008322336050243073,1.4287939071655271,1.3737068051453103,-0.05508710202021683,0.3659149706363678,0.36235967556148585,-0.003555295074881948,550.9423828125,537.3335333446964,-13.608849467803566,686.5767822265625,686.434386469454,-0.1423957571084884,0.5063250606390579,0.497920783518896,-0.008404277120161896,9065197568.0,10795479190.003805,1730281622.0038052
RidgeCV,pair_aware_velocity_interpolation,MMCELP4_CU_CU_V04,Cu->Cu,Cu,Cu,520.0,4,,PASS_CEL_P4_CASE,False,33.49750956958791,36.750589193069544,3.253079623481632,42.096496734127015,36.58497219599201,-5.511524538135006,0.3949583697249181,0.3816782350787316,-0.013280134646186492,1.5700541734695437,1.478292431227244,-0.0917617422422996,0.4540076553821563,0.44198365266423256,-0.012024002717923754,584.4381713867188,561.1065767675113,-23.331594619207408,736.077880859375,735.2371185254304,-0.8407623339445536,0.5428302956190081,0.5297749324788767,-0.013055363140131337,10304609280.0,12247862722.444412,1943253442.4444122
RidgeCV,pair_aware_velocity_interpolation,MMCELP4_CU_CU_V05,Cu->Cu,Cu,Cu,575.0,5,,PASS_CEL_P4_CASE,True,35.87791412256284,38.334758062574025,2.456843940011183,41.43419130487329,36.61982680995234,-4.8143644949209445,0.4523328607319854,0.44144779228911146,-0.010885068442873957,1.70257568359375,1.6141119694915427,-0.08846371410220732,0.5468625426292419,0.5337157006894178,-0.013146841939824183,600.699951171875,587.1168874154773,-13.583063756397678,779.786865234375,775.6560647847255,-4.130800449649541,0.5750640599073562,0.562443315288215,-0.0126207446191412,14577115136.0,13670512290.211288,-906602845.7887115
RidgeCV,pair_aware_velocity_interpolation,MMCELP4_CU_CU_V06,Cu->Cu,Cu,Cu,630.0,6,,PASS_CEL_P4_CASE,False,37.84728553709725,40.097170598591,2.2498850614937496,38.59387581953518,34.48670518602661,-4.1071706335085665,0.5100997441331856,0.49697064615979825,-0.01312909797338735,1.8036293983459477,1.7145846300119247,-0.08904476833402297,0.6388731002807617,0.6229311557868964,-0.015941944493865323,610.6246948242188,608.4154484564825,-2.2092463677362275,804.2699584960938,807.4893652799701,3.219406783876366,0.5931194384189482,0.5845994703047093,-0.00851996811423894,16229382144.0,14804197901.771725,-1425184242.2282753
RidgeCV,pair_aware_velocity_interpolation,MMCELP4_CU_CU_V07,Cu->Cu,Cu,Cu,685.0,7,,PASS_CEL_P4_CASE,False,39.07568426236323,41.149546434569224,2.073862172205992,34.334759829016825,32.60067722318959,-1.7340826058272327,0.5688592500519007,0.558690560242083,-0.010168689809817777,1.8953378200531008,1.83155134279956,-0.06378647725354081,0.7397428154945374,0.7214388096788226,-0.018304005815714786,623.776123046875,625.5016961070005,1.7255730601254982,825.1095581054688,837.5906355084458,12.481077402977007,0.6084878747090477,0.609094962807767,0.0006070880987192329,17889632256.0,15934867605.438805,-1954764650.5611954
RidgeCV,pair_aware_velocity_interpolation,MMCELP4_CU_CU_V08,Cu->Cu,Cu,Cu,740.0,8,,PASS_CEL_P4_CASE,False,40.81829240866014,40.890833342549264,0.07254093388912253,29.61384330404108,30.767751031302076,1.1539077272609966,0.6292339821811765,0.6251036185239544,-0.004130363657222191,1.971268892288208,1.9646720365302786,-0.006596855757929454,0.8363637924194336,0.8285489508461227,-0.007814841573310916,631.1611328125,642.8518789055447,11.690746093044709,849.6636962890625,860.2208159810441,10.557119691981597,0.626595646230872,0.6318688057244278,0.005273159493555779,17817989120.0,18121745084.989613,303755964.9896126
RidgeCV,pair_aware_velocity_interpolation,MMCELP4_CU_CU_V09,Cu->Cu,Cu,Cu,795.0,9,,PASS_CEL_P4_CASE,False,41.39951039581093,39.38554813476326,-2.0139622610476664,25.415885007325752,28.94359499111986,3.5277099837941073,0.6893528916407377,0.6974484723627971,0.008095580722059403,2.06144118309021,2.112557037655935,0.051115854565725094,0.9399709701538086,0.9438181571016794,0.0038471869478707843,649.0888061523438,656.9973047910535,7.908498638709716,875.2357788085938,871.2141802883494,-4.021598520244311,0.6454541141656296,0.6510175464962138,0.005563432330584206,18101176320.0,20348972274.410057,2247795954.410057
RidgeCV,pair_aware_velocity_interpolation,MMCELP4_CU_CU_V10,Cu->Cu,Cu,Cu,850.0,10,,PASS_CEL_P4_CASE,True,40.65857247172016,37.275474700096844,-3.3830977716233193,22.011275135291985,25.56372732956995,3.552452194277965,0.7496530452044681,0.7747441635814708,0.02509111837700273,2.13987135887146,2.2710701531807684,0.13119879430930848,1.0341142416000366,1.0744377129783453,0.04032347137830872,666.5433959960938,662.9041761635945,-3.6392198324992933,901.2720947265624,862.4255015396586,-38.84659318690376,0.6646549371139842,0.6584357766205186,-0.006219160493465603,21233633280.0,20671000575.23554,-562632704.7644615
RidgeCV,pair_aware_velocity_interpolation,MMCELP4_INCONEL718_TI6AL4V_V00,Inconel718->Ti6Al4V,Inconel718,Ti6Al4V,500.0,0,,PASS_CEL_P4_CASE,True,90.86814415582845,102.26757715206085,11.399432996232406,20.313833565569617,18.919161860923136,-1.3946717046464805,0.1427842471457552,0.17190194452823446,0.02911769738247927,0.5455921292304993,0.46562904134006455,-0.07996308789043471,0.0747755840420723,0.1037092145135359,0.028933630471463606,578.3363647460938,491.02830116679013,-87.30806357930362,744.9688720703125,975.2997938013308,230.3309217310183,0.3863946431899961,0.5180937476816632,0.13169910449166705,5901877248.0,5327641521.931602,-574235726.0683985
RidgeCV,pair_aware_velocity_interpolation,MMCELP4_INCONEL718_TI6AL4V_V01,Inconel718->Ti6Al4V,Inconel718,Ti6Al4V,565.0,1,,PASS_CEL_P4_CASE,False,109.5983702402537,115.95091331817241,6.35254307791871,22.206872388233226,20.109364277078573,-2.097508111154653,0.1710305878077633,0.2041950871662676,0.033164499358504296,0.60349440574646,0.5142667787581946,-0.08922762698826536,0.1015675291419029,0.14249989682084618,0.04093236767894329,612.9817504882812,537.2760766053747,-75.70567388290658,954.5123901367188,1121.9282537971333,167.41586366041452,0.4950790405273437,0.5916046192214185,0.0965255786940748,6175411712.0,6599533194.531957,424121482.5319567
RidgeCV,pair_aware_velocity_interpolation,MMCELP4_INCONEL718_TI6AL4V_V02,Inconel718->Ti6Al4V,Inconel718,Ti6Al4V,630.0,2,,PASS_CEL_P4_CASE,False,128.2459746782076,127.78975638963387,-0.45621828857373714,23.25385311384998,21.814930400892152,-1.4389227129578295,0.2016117832681629,0.23119377064137359,0.02958198737321069,0.6247341632843018,0.5797910373889055,-0.044943125895396285,0.1369559317827224,0.1754732633047963,0.0385173315220739,625.3604736328125,595.3721091806162,-29.988364452196265,1288.851806640625,1222.8416885462634,-66.01011809436159,0.668491600954681,0.6425403037935612,-0.02595129716111977,9216011264.0,7335268794.098498,-1880742469.9015017
RidgeCV,pair_aware_velocity_interpolation,MMCELP4_INCONEL718_TI6AL4V_V03,Inconel718->Ti6Al4V,Inconel718,Ti6Al4V,695.0,3,,PASS_CEL_P4_CASE,False,144.67032688755506,139.84374423363283,-4.82658265392223,23.81344984629612,23.60775139914663,-0.2056984471494907,0.2348593443457503,0.2579373207598863,0.023077976414136003,0.6454243659973145,0.6436582817216362,-0.001766084275678259,0.1811950802803039,0.20669097598201738,0.025495895701713484,634.4721069335938,649.3563248143074,14.884217880713663,1579.49072265625,1339.2539556898591,-240.23676696639086,0.8192379266889264,0.6998711249788387,-0.11936680171008762,7953964032.0,8345513470.166399,391549438.166399
RidgeCV,pair_aware_velocity_interpolation,MMCELP4_INCONEL718_TI6AL4V_V04,Inconel718->Ti6Al4V,Inconel718,Ti6Al4V,760.0,4,,PASS_CEL_P4_CASE,False,159.13038300074746,152.1179827144625,-7.012400286284958,24.394237778143182,25.3601235936786,0.9658858155354189,0.2725175909290556,0.2843494291624949,0.011831838233439307,0.6580291986465454,0.7071432585414509,0.04911405989490547,0.2290190160274505,0.23841840044019275,0.00939938441274224,645.3873291015625,711.0646309444239,65.67730184286143,1764.7451171875,1475.8425105301371,-288.90260665736287,0.9153242309063796,0.7669747774859638,-0.14834945342041583,8390772224.0,9975071104.02875,1584298880.0287495
RidgeCV,pair_aware_velocity_interpolation,MMCELP4_INCONEL718_TI6AL4V_V05,Inconel718->Ti6Al4V,Inconel718,Ti6Al4V,825.0,5,NEAR_MELT_REVIEW,PASS_CEL_P4_CASE,True,172.07365212842308,166.5698857370317,-5.503766391391366,25.54410243478586,26.790234804982305,1.2461323701964453,0.3120392284472473,0.3146535205132119,0.002614292065964585,0.7125493288040161,0.7538690095199219,0.04131968071590575,0.274111807346344,0.27433480595495924,0.00022299860861524357,680.6773681640625,750.4908576141119,69.81348945004936,1844.2757568359373,1656.672520542711,-187.60323629322625,0.9565745626742416,0.8589561600825356,-0.09761840259170596,9630139392.0,10633223804.180902,1003084412.1809025
RidgeCV,pair_aware_velocity_interpolation,MMCELP4_INCONEL718_TI6AL4V_V06,Inconel718->Ti6Al4V,Inconel718,Ti6Al4V,890.0,6,NEAR_MELT_REVIEW,PASS_CEL_P4_CASE,False,181.9397083564696,177.0766697004397,-4.863038656029886,27.24169049305159,28.33916833663946,1.0974778435878711,0.3522172119119204,0.3477375733136546,-0.004479638598265778,0.7604994177818298,0.8235734313971024,0.06307401361527254,0.3204774260520935,0.3153935950405008,-0.00508383101159271,754.5037231445312,805.5762520526489,51.07252890811765,1885.7010498046875,1741.3657333475544,-144.3353164571331,0.9780607104796096,0.9013681700470206,-0.076692540432589,11775314944.0,11669617650.286755,-105697293.71324539
RidgeCV,pair_aware_velocity_interpolation,MMCELP4_INCONEL718_TI6AL4V_V07,Inconel718->Ti6Al4V,Inconel718,Ti6Al4V,955.0,7,NEAR_MELT_REVIEW,PASS_CEL_P4_CASE,False,193.4685014373763,188.37300210077802,-5.095499336598266,28.959277781567938,29.975476547447535,1.0161987658795972,0.3923467374988831,0.3757403937575584,-0.01660634374132469,0.8333325982093811,0.8893817073933856,0.05604910918400452,0.3660039603710174,0.35002379289710533,-0.015980167473912066,837.5016479492188,858.2110835968552,20.709435647636496,1916.6739501953125,1857.1693500784484,-59.50460011686414,0.9941254928398924,0.9578972356468709,-0.036228257193021474,11744952320.0,12682189445.283836,937237125.2838364
RidgeCV,pair_aware_velocity_interpolation,MMCELP4_INCONEL718_TI6AL4V_V08,Inconel718->Ti6Al4V,Inconel718,Ti6Al4V,1020.0,8,NEAR_MELT_REVIEW,PASS_CEL_P4_CASE,False,202.48943781615736,200.2461455137884,-2.243292302368957,30.89819686722632,31.559318514688524,0.6611216474622026,0.4314097895985469,0.40393925767787453,-0.027470531920672392,0.914595067501068,0.9543368878815148,0.039741820380446824,0.415949136018753,0.3838298735692487,-0.032119262449504304,944.4088134765624,905.1527079208494,-39.25610555571302,1920.986328125,1989.3128582001436,68.32653007514364,0.996362203384336,1.0225963608694502,0.02623415748511415,17899638784.0,13042994139.970951,-4856644644.029049
RidgeCV,pair_aware_velocity_interpolation,MMCELP4_INCONEL718_TI6AL4V_V09,Inconel718->Ti6Al4V,Inconel718,Ti6Al4V,1085.0,9,NEAR_MELT_REVIEW,PASS_CEL_P4_CASE,False,210.670040623692,213.11361740018387,2.4435767764918808,32.61029667907848,33.08041837234625,0.470121693267771,0.4715891918749548,0.4318864700240289,-0.03970272185092588,1.0084296464920044,1.0167251186232829,0.008295472131278459,0.4624225199222564,0.4180318623787014,-0.044390657543555034,942.8836059570312,966.8320195567724,23.948413599741116,1922.873779296875,2143.9977640473685,221.1239847504935,0.9973411718344788,1.0996798687661908,0.10233869693171205,12018502656.0,15553236620.452595,3534733964.4525948
RidgeCV,pair_aware_velocity_interpolation,MMCELP4_INCONEL718_TI6AL4V_V10,Inconel718->Ti6Al4V,Inconel718,Ti6Al4V,1150.0,10,PEEQ_MAX_REVIEW;NEAR_MELT_REVIEW,PASS_CEL_P4_CASE,True,216.35016608831003,228.8519330405297,12.501766952219668,34.31058000296023,33.88393837295394,-0.4266416300062872,0.5093639265396632,0.46578716741363285,-0.04357675912603037,1.1144793033599854,1.0572685480027662,-0.0572107553572192,0.5108830332756042,0.4604904581059096,-0.05039257516969464,1031.7933349609375,1004.9697389984749,-26.823595962462605,1927.9344482421875,2321.0146604209676,393.08021217878013,0.999966000125616,1.1931873522571275,0.19322135213151148,16359011328.0,16029733979.76897,-329277348.2310295
RidgeCV,pair_aware_velocity_interpolation,MMCELP4_TI6AL4V_TI6AL4V_V00,Ti6Al4V->Ti6Al4V,Ti6Al4V,Ti6Al4V,500.0,0,,PASS_CEL_P4_CASE,True,85.29434884584396,74.02351377205946,-11.270835073784497,17.04523574545537,19.66713687037157,2.621901124916203,0.0724238134353072,0.02299774628283588,-0.04942606715247132,0.512882649898529,0.565329565129144,0.052446915230614954,0.0239270739257335,-0.04513062166287607,-0.06905769558860957,663.1607666015625,690.5299815605496,27.369214958987072,525.1722412109375,569.2985018412999,44.12626063036237,0.343963053216578,0.32015631699786673,-0.023806736218711266,6963420672.0,5141779088.003374,-1821641583.996626
RidgeCV,pair_aware_velocity_interpolation,MMCELP4_TI6AL4V_TI6AL4V_V01,Ti6Al4V->Ti6Al4V,Ti6Al4V,Ti6Al4V,565.0,1,,PASS_CEL_P4_CASE,False,90.67398857115738,89.86058415403903,-0.813404417118349,20.14153517025823,20.84336224816519,0.7018270779069589,0.0856950555316871,0.04879592496000376,-0.03689913057168334,0.582818865776062,0.6042225611192581,0.021403695343196083,0.0355393849313259,-0.013944297264677108,-0.04948368219600301,723.3856811523438,740.7204955853101,17.33481443296637,610.9144897460938,746.4784981501177,135.56400840402398,0.3752000420914646,0.4096177336085161,0.034417691517051485,6705716736.0,6397755098.734486,-307961637.2655144
RidgeCV,pair_aware_velocity_interpolation,MMCELP4_TI6AL4V_TI6AL4V_V02,Ti6Al4V->Ti6Al4V,Ti6Al4V,Ti6Al4V,630.0,2,,PASS_CEL_P4_CASE,False,97.08379274250284,103.21277067077199,6.128977928269151,22.922535011629986,22.53998759394028,-0.38254741768970746,0.1017550857795868,0.07825922438718821,-0.023495861392398593,0.64458829164505,0.6648651657402213,0.020276874095171205,0.0482398495078086,0.020663499795577273,-0.02757634971223133,780.3802490234375,797.4664660294991,17.086217006061588,726.669189453125,858.8329926599724,132.16380320684743,0.4047615399499157,0.46959854402987944,0.06483700407996373,7745701888.0,7370997707.878616,-374704180.12138367
RidgeCV,pair_aware_velocity_interpolation,MMCELP4_TI6AL4V_TI6AL4V_V03,Ti6Al4V->Ti6Al4V,Ti6Al4V,Ti6Al4V,695.0,3,,PASS_CEL_P4_CASE,False,107.24120577246474,115.95360227647265,8.712396504007913,25.242919957946413,24.343447661511384,-0.8994722964350288,0.1193444131786236,0.10699356330291679,-0.01235084987570681,0.7204343676567078,0.7222116390250811,0.0017772713683733565,0.0629952102899551,0.05435279535291651,-0.008642414937038587,843.3167114257812,851.6199564009172,8.303244975135954,900.1910400390625,983.4603190116227,83.26927897256019,0.4669040664103021,0.533873580697505,0.06696951428720294,6879916032.0,8784594550.39972,1904678518.3997192
RidgeCV,pair_aware_velocity_interpolation,MMCELP4_TI6AL4V_TI6AL4V_V04,Ti6Al4V->Ti6Al4V,Ti6Al4V,Ti6Al4V,760.0,4,,PASS_CEL_P4_CASE,False,122.44707273115505,128.5997060286103,6.152633297455267,27.00444640128679,26.139333101513078,-0.8651132997737108,0.1378610886604292,0.1357220134606486,-0.002139075199780599,0.7867133617401123,0.7801498739279651,-0.006563487812147217,0.0810173749923706,0.0875023377237153,0.00648496273134469,895.3693237304688,900.4629035088847,5.093579778415915,1074.137939453125,1120.7476851770075,46.6097457238825,0.5571254872682183,0.6008293373955196,0.04370385012730127,7307118592.0,9814754622.296652,2507636030.296652
RidgeCV,pair_aware_velocity_interpolation,MMCELP4_TI6AL4V_TI6AL4V_V05,Ti6Al4V->Ti6Al4V,Ti6Al4V,Ti6Al4V,825.0,5,,PASS_CEL_P4_CASE,True,141.05559194135768,139.9263742443435,-1.1292176970141838,28.47290050536442,28.154080659180728,-0.3188198461836933,0.1568954212416429,0.1591086270536154,0.002213205811972485,0.8462955951690674,0.8415593645838887,-0.004736230585178691,0.1022872254252433,0.11319128004956328,0.010904054624319981,945.1976318359376,953.9408542979104,8.743222461972778,1304.084228515625,1264.1637100729706,-39.920518442654384,0.6763922347072744,0.6662723132523212,-0.010119921454953218,10485992448.0,10375323751.837957,-110668696.16204262
RidgeCV,pair_aware_velocity_interpolation,MMCELP4_TI6AL4V_TI6AL4V_V06,Ti6Al4V->Ti6Al4V,Ti6Al4V,Ti6Al4V,890.0,6,,PASS_CEL_P4_CASE,False,157.18767782435762,152.59888311354354,-4.588794710814085,29.938133373791583,29.776878594112183,-0.16125477967939972,0.1774288284650538,0.18520282705484303,0.007773998589789222,0.9101993441581726,0.9024936160686703,-0.007705728089502317,0.1272137314081192,0.1457960066298465,0.018582275221727285,999.1552734375,1013.5999668328709,14.444693395370905,1526.3358154296875,1378.452976513678,-147.8828389160094,0.7916679540610412,0.7240561801522901,-0.06761177390875106,13062705152.0,11354185997.95165,-1708519154.0483494
RidgeCV,pair_aware_velocity_interpolation,MMCELP4_TI6AL4V_TI6AL4V_V07,Ti6Al4V->Ti6Al4V,Ti6Al4V,Ti6Al4V,955.0,7,,PASS_CEL_P4_CASE,False,170.2306314446482,165.5787756809072,-4.651855763740997,31.48063364187899,31.443015052105956,-0.03761858977303234,0.196910259546712,0.21493881784145005,0.01802855829473804,0.9698036313056946,0.9617159728936824,-0.0080876584120122,0.1562209278345108,0.18080792770466003,0.02458699987014923,1060.16259765625,1064.994496119166,4.831898462915888,1693.6983642578125,1507.3150929381845,-186.38327131962797,0.8784742553204422,0.7901375861098501,-0.08833666921059213,12870937600.0,12561838793.283247,-309098806.716753
RidgeCV,pair_aware_velocity_interpolation,MMCELP4_TI6AL4V_TI6AL4V_V08,Ti6Al4V->Ti6Al4V,Ti6Al4V,Ti6Al4V,1020.0,8,,PASS_CEL_P4_CASE,False,182.6187318186088,178.32287978183166,-4.295852036777148,33.117244925027926,33.064223456334226,-0.05302146869370006,0.2188415237469598,0.2444147259451602,0.02557320219820039,1.0329302549362185,1.018358364447474,-0.01457189048874441,0.1860433369874954,0.21581405969646497,0.029770722708969577,1122.079833984375,1112.1284422169097,-9.951391767465338,1765.745361328125,1649.536681748053,-116.20867958007193,0.9158430297345048,0.8624485745588961,-0.0533944551756087,14642691072.0,13327878141.6281,-1314812930.3719006
RidgeCV,pair_aware_velocity_interpolation,MMCELP4_TI6AL4V_TI6AL4V_V09,Ti6Al4V->Ti6Al4V,Ti6Al4V,Ti6Al4V,1085.0,9,,PASS_CEL_P4_CASE,False,190.40004138669616,191.78766170764388,1.3876203209477183,34.80175800244122,34.65674653379154,-0.1450114686496775,0.2408290492894593,0.27390943429437264,0.03308038500491334,1.0958409309387207,1.0734691068876299,-0.02237182405109084,0.2192915827035904,0.25010484373040226,0.030813261026811867,1204.4371337890625,1161.2879634510127,-43.14917033804977,1802.181640625,1807.0935373206682,4.911896695668247,0.9347415148469918,0.940216409753916,0.00547489490692421,13853271040.0,15236426093.602173,1383155053.6021729
RidgeCV,pair_aware_velocity_interpolation,MMCELP4_TI6AL4V_TI6AL4V_V10,Ti6Al4V->Ti6Al4V,Ti6Al4V,Ti6Al4V,1150.0,10,NEAR_MELT_REVIEW,PASS_CEL_P4_CASE,True,200.1962698268956,204.59414983270455,4.3978800058089575,36.517377642737,36.16578039196838,-0.35159725076862003,0.264530553977238,0.3003438792007981,0.035813325223560066,1.1649948358535769,1.1270569534576023,-0.03793788239597462,0.2522788345813751,0.28100747015165073,0.028728635570275607,1277.01123046875,1214.3049618504447,-62.70626861830533,1843.3641357421875,1948.6172846254344,105.25314888324692,0.9561017301567364,1.00833431909546,0.05223258893872351,15595612160.0,15664457099.977673,68844939.97767258
RidgeCV,leave_one_pair_out_boundary_audit,MMCELP4_AL6061_SS304_V00,Al6061->SS304,Al6061,SS304,500.0,0,,PASS_CEL_P4_CASE,True,18.043974421140515,197.8387232379922,179.7947488168517,45.920668854891936,-117.1537281303134,-163.07439698520534,0.0242738747147086,0.3219471859549601,0.2976733112402515,1.668180227279663,-2.354779947575932,-4.022960174855595,0.0046868380159139,0.25896602724056156,0.25427918922464765,573.2646484375,22.728713949516987,-550.535934487983,346.1105651855469,265.5433421585443,-80.56722302700257,0.6197455658783784,-0.060781046819888274,-0.6805266126982666,4404755456.0,-20870610181.480885,-25275365637.480885
RidgeCV,leave_one_pair_out_boundary_audit,MMCELP4_AL6061_SS304_V01,Al6061->SS304,Al6061,SS304,522.5,1,,PASS_CEL_P4_CASE,False,21.591865991018583,182.50560004461886,160.91373405360028,50.10490815246885,-82.96562278965555,-133.0705309421244,0.0266323650066624,0.3513598403329756,0.32472747532631324,1.7879618406295776,-1.6304570780968584,-3.418418918726436,0.005771396216005,0.2896183408038122,0.28384694458780724,581.5857543945312,121.4830219948667,-460.10273239966455,350.8030090332031,558.7033081842801,207.90029915107698,0.628741356102196,0.1486460962559405,-0.48009525984625545,4573826560.0,-14464317382.094223,-19038143942.094223
RidgeCV,leave_one_pair_out_boundary_audit,MMCELP4_AL6061_SS304_V02,Al6061->SS304,Al6061,SS304,545.0,2,,PASS_CEL_P4_CASE,False,26.525303023965247,167.16637721253286,140.64107418856761,53.78097508895565,-48.79258055697546,-102.57355564593111,0.0295170684694312,0.3808143944832091,0.3512973260137779,1.8031163215637207,-0.9062756976542772,-2.709392019217998,0.0069258143194019,0.3203540064598352,0.31342819214043327,587.7904663085938,220.1767948313019,-367.61367147729186,357.0417175292969,851.6729198485518,494.63120231925495,0.6354491527660473,0.35797053319773425,-0.27747861956831305,4463964160.0,-8059164876.527088,-12523129036.527088
RidgeCV,leave_one_pair_out_boundary_audit,MMCELP4_AL6061_SS304_V03,Al6061->SS304,Al6061,SS304,567.5,3,,PASS_CEL_P4_CASE,False,32.4137395448175,151.82105474173417,119.40731519691667,57.49974160071498,-14.634601432273236,-72.13434303298821,0.0316800469590816,0.41031084840566046,0.37863080144657885,1.653112292289734,-0.18223580624819036,-1.8353480985379245,0.0081996228545904,0.3511730242086305,0.3429734013540401,580.0794677734375,318.81003245882204,-261.26943531461546,364.5654602050781,1144.4521771513587,779.8867169462806,0.6271129381334459,0.5671922640054927,-0.05992067412795321,4873634816.0,-1655152664.779501,-6528787480.779501
RidgeCV,leave_one_pair_out_boundary_audit,MMCELP4_AL6061_SS304_V04,Al6061->SS304,Al6061,SS304,590.0,4,,PASS_CEL_P4_CASE,False,38.05064691090263,136.4696326322228,98.41898572132018,61.24506574612736,19.508314584451178,-41.73675116167618,0.034450238217687,0.43984920210032974,0.40539896388264274,1.7630763053894043,0.541662596121401,-1.2214137092680033,0.0095267239958047,0.382075394050198,0.37254867005439335,584.3697509765625,417.38273487742765,-166.98701609913485,370.8575134277344,1437.0410800927013,1066.183566664967,0.6317510821368243,0.7763112886792157,0.14456020654239143,5088556032.0,4747719253.148553,-340836778.8514471
RidgeCV,leave_one_pair_out_boundary_audit,MMCELP4_AL6061_SS304_V05,Al6061->SS304,Al6061,SS304,612.5,5,,PASS_CEL_P4_CASE,False,42.47747075793358,121.11211088399877,78.6346401260652,64.34410045167118,53.63616749319776,-10.707932958473421,0.0378255413124861,0.46942945556721694,0.4316039142547308,1.8607378005981443,1.265419509454499,-0.5953182911436452,0.0111608561128377,0.41306111598453776,0.4019002598717001,590.1805419921875,515.8949020871182,-74.28563990506927,376.8821411132813,1729.4396286725791,1352.557487559298,0.6380330183699324,0.9853276072189038,0.34729458884897135,5760931840.0,11149450877.257069,5388519037.257069
RidgeCV,leave_one_pair_out_boundary_audit,MMCELP4_AL6061_SS304_V06,Al6061->SS304,Al6061,SS304,635.0,6,,PASS_CEL_P4_CASE,False,44.56743548437754,105.7484894970621,61.181054012684555,66.81030585142365,87.74895729396653,20.938651442542877,0.041099265217781,0.49905160880632204,0.45795234358854103,1.9218974113464355,1.9890349337511046,0.06713752240466908,0.0128129823133349,0.44413019001164983,0.43131720769831494,596.7991943359375,614.3465340878939,17.54733975195643,383.4448852539063,2021.647822890992,1638.2029376370858,0.6451883182010135,1.1942412196245564,0.5490529014235429,6028742656.0,17550042207.546036,11521299551.546036
RidgeCV,leave_one_pair_out_boundary_audit,MMCELP4_AL6061_SS304_V07,Al6061->SS304,Al6061,SS304,657.5,7,,PASS_CEL_P4_CASE,False,43.51825159373853,90.37876847141273,46.86051687767419,68.99199382474796,121.84668398675751,52.85469016200955,0.0434073854194139,0.5287156618176451,0.48530827639823115,1.939573884010315,2.712508869011215,0.7729349850009002,0.0145276794210076,0.47528261613153416,0.4607549367105266,602.6187744140625,712.737630879755,110.11885646569249,393.2791137695313,2313.6656627479406,1920.3865489784093,0.6514797561233108,1.4030521258961737,0.7515723697728629,6811379200.0,23949493244.01545,17138114044.01545
RidgeCV,leave_one_pair_out_boundary_audit,MMCELP4_AL6061_SS304_V08,Al6061->SS304,Al6061,SS304,680.0,8,,PASS_CEL_P4_CASE,False,40.17405609349533,75.00294780705069,34.82889171355536,71.01435262335012,155.92934757157073,84.91499494822061,0.0472265310236252,0.558421614601186,0.5111950835775608,1.9300637245178225,3.435841315234833,1.5057775907170103,0.0164469387382268,0.5065183943441909,0.4900714556059641,613.158935546875,811.0681924627014,197.9092569158264,399.4102478027344,2605.493148243425,2206.0829004406905,0.6628745249155406,1.6117603260337563,0.9488858011182157,7541570560.0,30347803986.665356,22806233426.665356
RidgeCV,leave_one_pair_out_boundary_audit,MMCELP4_AL6061_SS304_V09,Al6061->SS304,Al6061,SS304,702.5,9,,PASS_CEL_P4_CASE,False,35.874474877651444,59.62102750397601,23.746552626324565,72.91980821485562,189.99694804840607,117.07713983355045,0.0505901743963477,0.5881694671569448,0.5375792927605971,1.9907753467559812,4.159032272421954,2.1682569256659727,0.0185575354844331,0.5378375246496198,0.5192799891651867,633.0687255859375,909.338218836733,276.26949325079545,406.0269775390625,2897.130279377445,2491.1033018383823,0.6843986222550675,1.8203658200373032,1.1359671977822356,7978577408.0,36744974435.49568,28766397027.49568
RidgeCV,leave_one_pair_out_boundary_audit,MMCELP4_AL6061_SS304_V10,Al6061->SS304,Al6061,SS304,725.0,10,,PASS_CEL_P4_CASE,True,31.444728681368595,44.233007562188675,12.78827888082008,74.430824804356,224.04948541726358,149.61866061290758,0.0537305686520994,0.6179592194849217,0.5642286508328224,2.1979613304138184,4.882081740572581,2.684120410158763,0.0207446031272411,0.5692400070478209,0.5484954039205797,641.3214721679688,1007.5477100018495,366.22623783388076,419.06353759765625,3188.57705615,2769.5135185523436,0.6933205104518582,2.0288686079068143,1.3355480974549563,8295150080.0,43141004590.506485,34845854510.506485
RidgeCV,leave_one_pair_out_boundary_audit,MMCELP4_CU_CU_V00,Cu->Cu,Cu,Cu,300.0,0,,PASS_CEL_P4_CASE,True,23.451065782531632,-162.114639716503,-185.56570549903464,30.97533646372405,96.93622032416152,65.96088386043748,0.1769557820807676,0.14487809080455138,-0.03207769127621621,0.9555360078811646,3.5979442542103772,2.6424082463292127,0.1418847292661667,0.2741511785480153,0.1322664492818486,433.5928039550781,214.58714913071287,-219.00565482436525,490.9577941894531,-2360.904765461886,-2851.8625596513393,0.3620632700512191,0.12990068814835953,-0.23216258190285954,4025972992.0,227098343.57066727,-3798874648.4293327
RidgeCV,leave_one_pair_out_boundary_audit,MMCELP4_CU_CU_V01,Cu->Cu,Cu,Cu,355.0,1,,PASS_CEL_P4_CASE,False,27.812176390067144,-160.8339672359479,-188.64614362601506,34.41923506462904,94.32455466118742,59.90531959655838,0.2277456769661512,0.3412141443978619,0.11346846743171071,1.1063930988311768,3.6305434515280712,2.5241503526968945,0.2114320248365402,0.5182267295376914,0.3067947047011512,468.7227783203125,219.02877883648262,-249.69399948382988,571.447021484375,-2870.118260747364,-3441.565282231739,0.4214211072893621,-0.06957000762996901,-0.4909911149193311,7086087680.0,2146142830.5304518,-4939944849.469548
RidgeCV,leave_one_pair_out_boundary_audit,MMCELP4_CU_CU_V02,Cu->Cu,Cu,Cu,410.0,2,,PASS_CEL_P4_CASE,False,29.120214472964573,-161.25122468192967,-190.37143915489423,37.73277714641386,90.83814736818903,53.10537022177517,0.2820364170474931,0.5713823400102344,0.28934592296274125,1.272550344467163,3.6588645665155157,2.3863142220483526,0.2848927080631256,0.8046726350578124,0.5197799269946868,513.696044921875,216.2130307769179,-297.4830141449571,636.7523193359375,-3498.252951548897,-4135.005270884834,0.4695813564424317,-0.31783141881996846,-0.7874127752624002,14053585920.0,4268379306.6860123,-9785206613.313988
RidgeCV,leave_one_pair_out_boundary_audit,MMCELP4_CU_CU_V03,Cu->Cu,Cu,Cu,465.0,3,,PASS_CEL_P4_CASE,False,30.943849284549174,-163.36641205444818,-194.31026133899735,40.681998957091935,86.4769984451664,45.79499948807447,0.3381293208803981,0.8353826776416692,0.4972533567612711,1.4287939071655271,3.6829075991727125,2.254113692007185,0.3659149706363678,1.1334888951083788,0.767573924472011,550.9423828125,206.1399049520187,-344.8024778604813,686.5767822265625,-4245.308837866484,-4931.885620093047,0.5063250606390579,-0.6148835454216375,-1.1212086060606954,9065197568.0,6593807772.037344,-2471389795.962656
RidgeCV,leave_one_pair_out_boundary_audit,MMCELP4_CU_CU_V04,Cu->Cu,Cu,Cu,520.0,4,,PASS_CEL_P4_CASE,False,33.49750956958791,-167.1795293535036,-200.67703892309152,42.096496734127015,81.2411078921195,39.144611157992486,0.3949583697249181,1.1332151572921663,0.7382567875672481,1.5700541734695437,3.7026725494996597,2.1326183760301163,0.4540076553821563,1.5046755096893896,1.0506678543072332,584.4381713867188,188.8094013617847,-395.62877002493406,736.077880859375,-5111.285919700126,-5847.363800559501,0.5428302956190081,-0.9607263874349765,-1.5035566830539846,10304609280.0,9122428226.58445,-1182181053.4155502
RidgeCV,leave_one_pair_out_boundary_audit,MMCELP4_CU_CU_V05,Cu->Cu,Cu,Cu,575.0,5,,PASS_CEL_P4_CASE,True,35.87791412256284,-172.69057657909588,-208.56849070165873,41.43419130487329,75.13047570904834,33.69628440417505,0.4523328607319854,1.4648797789617252,1.0125469182297397,1.70257568359375,3.7181594174963584,2.0155837339026084,0.5468625426292419,1.9182324788008445,1.3713699361716025,600.699951171875,164.22152000621634,-436.47843116565866,779.786865234375,-6096.1841970498235,-6875.9710622841985,0.5750640599073562,-1.355359944859987,-1.930424004767343,14577115136.0,11854240670.327328,-2722874465.6726723
RidgeCV,leave_one_pair_out_boundary_audit,MMCELP4_CU_CU_V06,Cu->Cu,Cu,Cu,630.0,6,,PASS_CEL_P4_CASE,False,37.84728553709725,-179.899553731225,-217.74683926832228,38.59387581953518,68.14510189595292,29.55122607641774,0.5100997441331856,1.830376542650346,1.3202767985171604,1.8036293983459477,3.7293682031628084,1.9257388048168607,0.6388731002807617,2.374159802442743,1.7352867021619813,610.6246948242188,132.3762608853134,-478.24843393890535,804.2699584960938,-7200.003669915571,-8004.2736284116645,0.5931194384189482,-1.7987842176966675,-2.3919036561156157,16229382144.0,14789245103.265972,-1440137040.7340279
RidgeCV,leave_one_pair_out_boundary_audit,MMCELP4_CU_CU_V07,Cu->Cu,Cu,Cu,685.0,7,,PASS_CEL_P4_CASE,False,39.07568426236323,-188.80646080989095,-227.8821450722542,34.334759829016825,60.28498645283321,25.950226623816384,0.5688592500519007,2.2297054483580303,1.6608461983061296,1.8953378200531008,3.7362989064990098,1.840961086445909,0.7397428154945374,2.8724574806150867,2.1327146651205493,623.776123046875,93.27362399907577,-530.5024990477992,825.1095581054688,-8422.744338297378,-9247.853896402847,0.6084878747090477,-2.2909992059450195,-2.899487080654067,17889632256.0,17927441525.4004,37809269.400398254
RidgeCV,leave_one_pair_out_boundary_audit,MMCELP4_CU_CU_V08,Cu->Cu,Cu,Cu,740.0,8,,PASS_CEL_P4_CASE,False,40.81829240866014,-199.4112978150937,-240.22959022375383,29.61384330404108,51.55012937968927,21.936286075648187,0.6292339821811765,2.662866496084776,2.0336325139035996,1.971268892288208,3.7389515275049625,1.7676826352167545,0.8363637924194336,3.4131255133178753,2.5767617208984417,631.1611328125,46.913609347503666,-584.2475234649963,849.6636962890625,-9764.40620219523,-10614.069898484293,0.626595646230872,-2.8320049096050406,-3.4586005558359125,17817989120.0,21268829936.73059,3450840816.730591
RidgeCV,leave_one_pair_out_boundary_audit,MMCELP4_CU_CU_V09,Cu->Cu,Cu,Cu,795.0,9,,PASS_CEL_P4_CASE,False,41.39951039581093,-211.71406474683334,-253.11357514264427,25.415885007325752,41.94053067652104,16.52464566919529,0.6893528916407377,3.129859685830583,2.4405067941898455,2.06144118309021,3.7373260661806667,1.6758848830904567,0.9399709701538086,3.996163900551107,3.0561929303972986,649.0888061523438,-6.703783069402903,-655.7925892217467,875.2357788085938,-11224.98926160914,-12100.225040417734,0.6454541141656296,-3.4218013286767333,-4.067255442842363,18101176320.0,24813410337.256554,6712234017.256554
RidgeCV,leave_one_pair_out_boundary_audit,MMCELP4_CU_CU_V10,Cu->Cu,Cu,Cu,850.0,10,,PASS_CEL_P4_CASE,True,40.65857247172016,-225.71476160510986,-266.37333407683,22.011275135291985,31.456190343328537,9.444915208036551,0.7496530452044681,3.6306850175954533,2.881031972390985,2.13987135887146,3.731422522526122,1.5915511636546622,1.0341142416000366,4.621572642314787,3.58745840071475,666.5433959960938,-67.57855325164451,-734.1219492477383,901.2720947265624,-12804.493516539113,-13705.765611265675,0.6646549371139842,-4.0603884631600975,-4.725043400274082,21233633280.0,28561182726.978294,7327549446.978294
RidgeCV,leave_one_pair_out_boundary_audit,MMCELP4_INCONEL718_TI6AL4V_V00,Inconel718->Ti6Al4V,Inconel718,Ti6Al4V,500.0,0,,PASS_CEL_P4_CASE,True,90.86814415582845,76.40722158332574,-14.46092257250271,20.313833565569617,20.782056047737413,0.4682224821677963,0.1427842471457552,0.08634439781571748,-0.056439849330037706,0.5455921292304993,0.6157620908162752,0.07016996158577593,0.0747755840420723,0.030163566517238144,-0.04461201752483415,578.3363647460938,663.681246961313,85.34488221521929,744.9688720703125,589.7220139404833,-155.2468581298292,0.3863946431899961,0.36227508249029483,-0.02411956069970128,5901877248.0,5881047301.1174555,-20829946.882544518
RidgeCV,leave_one_pair_out_boundary_audit,MMCELP4_INCONEL718_TI6AL4V_V01,Inconel718->Ti6Al4V,Inconel718,Ti6Al4V,565.0,1,,PASS_CEL_P4_CASE,False,109.5983702402537,88.7541975907187,-20.844172649534997,22.206872388233226,22.733587246257265,0.5267148580240395,0.1710305878077633,0.10631442919863028,-0.06471615860913303,0.60349440574646,0.6831641718336888,0.07966976608722887,0.1015675291419029,0.05399501162753201,-0.04757251751437089,612.9817504882812,722.5559630583504,109.57421257006911,954.5123901367188,737.0429033163548,-217.46948682036395,0.4950790405273437,0.43313603405577905,-0.06194300647156464,6175411712.0,6906205131.510904,730793419.5109043
RidgeCV,leave_one_pair_out_boundary_audit,MMCELP4_INCONEL718_TI6AL4V_V02,Inconel718->Ti6Al4V,Inconel718,Ti6Al4V,630.0,2,,PASS_CEL_P4_CASE,False,128.2459746782076,101.02603900582696,-27.219935672380643,23.25385311384998,24.652836646885962,1.398983533035981,0.2016117832681629,0.12666841267305212,-0.07494337059511078,0.6247341632843018,0.7510670680920967,0.1263329048077949,0.1369559317827224,0.0784952978012603,-0.05846063398146209,625.3604736328125,781.1954768017229,155.83500316891036,1288.851806640625,883.6500245255583,-405.20178211506675,0.668491600954681,0.5037352337425139,-0.16475636721216702,9216011264.0,7936808298.247791,-1279202965.7522087
RidgeCV,leave_one_pair_out_boundary_audit,MMCELP4_INCONEL718_TI6AL4V_V03,Inconel718->Ti6Al4V,Inconel718,Ti6Al4V,695.0,3,,PASS_CEL_P4_CASE,False,144.67032688755506,113.22274582865046,-31.447581058904603,23.81344984629612,26.539804249623494,2.726354403327374,0.2348593443457503,0.14740634823898302,-0.08745299610676727,0.6454243659973145,0.8194707795914988,0.17404641359418438,0.1811950802803039,0.10366442503842294,-0.07753065524188096,634.4721069335938,839.5997881914304,205.12768125783668,1579.49072265625,1029.543377568093,-549.9473450881569,0.8192379266889264,0.5740726815504993,-0.24516524513842708,7953964032.0,8972856801.328112,1018892769.3281116
RidgeCV,leave_one_pair_out_boundary_audit,MMCELP4_INCONEL718_TI6AL4V_V04,Inconel718->Ti6Al4V,Inconel718,Ti6Al4V,760.0,4,,PASS_CEL_P4_CASE,False,159.13038300074746,125.34431805918919,-33.786064941558266,24.394237778143182,28.394490054469866,4.000252276326684,0.2725175909290556,0.16852823589642307,-0.10398935503263251,0.6580291986465454,0.8883753063318951,0.2303461076853497,0.2290190160274505,0.12950239333902003,-0.09951662268843048,645.3873291015625,897.7688972274732,252.3815681259107,1764.7451171875,1174.72296244396,-590.0221547435401,0.9153242309063796,0.6441483774797354,-0.2711758534266442,8390772224.0,10014350640.75187,1623578416.7518692
RidgeCV,leave_one_pair_out_boundary_audit,MMCELP4_INCONEL718_TI6AL4V_V05,Inconel718->Ti6Al4V,Inconel718,Ti6Al4V,825.0,5,NEAR_MELT_REVIEW,PASS_CEL_P4_CASE,True,172.07365212842308,137.39075569744315,-34.68289643097992,25.54410243478586,30.216894061425073,4.6727916266392135,0.3120392284472473,0.19003407564537225,-0.12200515280187504,0.7125493288040161,0.9577806483132858,0.24523131950926969,0.274111807346344,0.15600920270305157,-0.11810260464329242,680.6773681640625,955.702803909851,275.0254357457885,1844.2757568359373,1319.188779153158,-525.0869776827792,0.9565745626742416,0.7139623215302221,-0.24261224114401947,9630139392.0,11061289816.519062,1431150424.519062
RidgeCV,leave_one_pair_out_boundary_audit,MMCELP4_INCONEL718_TI6AL4V_V06,Inconel718->Ti6Al4V,Inconel718,Ti6Al4V,890.0,6,NEAR_MELT_REVIEW,PASS_CEL_P4_CASE,False,181.9397083564696,149.36205874341243,-32.57764961305716,27.24169049305159,32.007016270489125,4.7653257774375355,0.3522172119119204,0.21192386748583056,-0.14029334442608984,0.7604994177818298,1.0276868055356705,0.26718738775384065,0.3204774260520935,0.1831848531305176,-0.1372925729215759,754.5037231445312,1013.401508238564,258.89778509403277,1885.7010498046875,1462.9408276956883,-422.7602221089992,0.9780607104796096,0.7835145137019593,-0.19454619677765028,11775314944.0,12113674328.629692,338359384.6296921
RidgeCV,leave_one_pair_out_boundary_audit,MMCELP4_INCONEL718_TI6AL4V_V07,Inconel718->Ti6Al4V,Inconel718,Ti6Al4V,955.0,7,NEAR_MELT_REVIEW,PASS_CEL_P4_CASE,False,193.4685014373763,161.25822719709691,-32.210274240279375,28.959277781567938,33.76485668166201,4.805578900094073,0.3923467374988831,0.23419761141779794,-0.15814912608108517,0.8333325982093811,1.0980937779990496,0.2647611797896685,0.3660039603710174,0.21102934462141798,-0.15497461574959942,837.5016479492188,1070.865010213612,233.36336226439334,1916.6739501953125,1605.97910807155,-310.69484212376256,0.9941254928398924,0.8528049539949468,-0.14132053884494555,11744952320.0,13171504177.083757,1426551857.0837574
RidgeCV,leave_one_pair_out_boundary_audit,MMCELP4_INCONEL718_TI6AL4V_V08,Inconel718->Ti6Al4V,Inconel718,Ti6Al4V,1020.0,8,NEAR_MELT_REVIEW,PASS_CEL_P4_CASE,False,202.48943781615736,173.07926105849668,-29.41017675766068,30.89819686722632,35.490415294943745,4.592218427717423,0.4314097895985469,0.2568553074412744,-0.17455448215727254,0.914595067501068,1.169001565703423,0.25440649820235495,0.415949136018753,0.23954267717575276,-0.17640645884300024,944.4088134765624,1128.0933098349956,183.6844963584332,1920.986328125,1748.3036202807434,-172.68270784425658,0.996362203384336,0.9218336424091851,-0.07452856097515093,17899638784.0,14234779361.88126,-3664859422.11874
RidgeCV,leave_one_pair_out_boundary_audit,MMCELP4_INCONEL718_TI6AL4V_V09,Inconel718->Ti6Al4V,Inconel718,Ti6Al4V,1085.0,9,NEAR_MELT_REVIEW,PASS_CEL_P4_CASE,False,210.670040623692,184.82516032761174,-25.844880296080248,32.61029667907848,37.183692110334306,4.573395431255825,0.4715891918749548,0.27989695555626,-0.1916922363186948,1.0084296464920044,1.2404101686487905,0.2319805221567861,0.4624225199222564,0.26872485079352204,-0.19369766912873437,942.8836059570312,1185.0864071027142,242.202801145683,1922.873779296875,1889.9143643232687,-32.95941497360627,0.9973411718344788,0.9906005789446741,-0.006740592889804664,12018502656.0,15303499883.022194,3284997227.022194
RidgeCV,leave_one_pair_out_boundary_audit,MMCELP4_INCONEL718_TI6AL4V_V10,Inconel718->Ti6Al4V,Inconel718,Ti6Al4V,1150.0,10,PEEQ_MAX_REVIEW;NEAR_MELT_REVIEW,PASS_CEL_P4_CASE,True,216.35016608831003,196.49592500444197,-19.85424108386806,34.31058000296023,38.844687127833716,4.534107124873486,0.5093639265396632,0.3033225557627547,-0.20604137077690854,1.1144793033599854,1.3123195868351525,0.19784028347516713,0.5108830332756042,0.2985758654747257,-0.21230716780087855,1031.7933349609375,1241.8443020167676,210.05096705583014,1927.9344482421875,2030.8113401991254,102.87689195693792,0.999966000125616,1.0591057636014138,0.05913976347579786,16359011328.0,16377665740.506567,18654412.506567
RidgeCV,leave_one_pair_out_boundary_audit,MMCELP4_TI6AL4V_TI6AL4V_V00,Ti6Al4V->Ti6Al4V,Ti6Al4V,Ti6Al4V,500.0,0,,PASS_CEL_P4_CASE,True,85.29434884584396,101.11542195247742,15.821073106633463,17.04523574545537,21.174267274488766,4.129031529033398,0.0724238134353072,0.14405194243941546,0.07162812900410827,0.512882649898529,0.5428563993746285,0.02997374947609943,0.0239270739257335,0.0712035535914135,0.04727647966568001,663.1607666015625,538.6301715898107,-124.53059501175176,525.1722412109375,1052.000856635035,526.8286154240975,0.343963053216578,0.555586891619767,0.21162383840318905,6963420672.0,5669166136.929186,-1294254535.0708141
RidgeCV,leave_one_pair_out_boundary_audit,MMCELP4_TI6AL4V_TI6AL4V_V01,Ti6Al4V->Ti6Al4V,Ti6Al4V,Ti6Al4V,565.0,1,,PASS_CEL_P4_CASE,False,90.67398857115738,113.94951993216091,23.27553136100353,20.14153517025823,22.888426741404736,2.746891571146506,0.0856950555316871,0.17941100139656307,0.09371594586487597,0.582818865776062,0.5940961637983048,0.011277298022242754,0.0355393849313259,0.1118824293959301,0.0763430444646042,723.3856811523438,585.3617777157768,-138.0239034365669,610.9144897460938,1168.187416645163,557.2729268990693,0.3752000420914646,0.6157386546208661,0.24053861252940145,6705716736.0,6673530205.944775,-32186530.055225372
RidgeCV,leave_one_pair_out_boundary_audit,MMCELP4_TI6AL4V_TI6AL4V_V02,Ti6Al4V->Ti6Al4V,Ti6Al4V,Ti6Al4V,630.0,2,,PASS_CEL_P4_CASE,False,97.08379274250284,126.73653295223932,29.65274020973648,22.922535011629986,24.584270837735055,1.661735826105069,0.1017550857795868,0.2149346618941238,0.113179576114537,0.64458829164505,0.6457039550226954,0.0011156633776453484,0.0482398495078086,0.15288997654395867,0.10465012703615006,780.3802490234375,632.0049732206356,-148.37527580280187,726.669189453125,1284.0752028711645,557.4060134180395,0.4047615399499157,0.6757769793027315,0.2710154393528158,7745701888.0,7681232303.037642,-64469584.962358475
RidgeCV,leave_one_pair_out_boundary_audit,MMCELP4_TI6AL4V_TI6AL4V_V03,Ti6Al4V->Ti6Al4V,Ti6Al4V,Ti6Al4V,695.0,3,,PASS_CEL_P4_CASE,False,107.24120577246474,139.47646101271263,32.235255240247895,25.242919957946413,26.261799563479727,1.0188796055333142,0.1193444131786236,0.2506229239320976,0.13127851075347402,0.7204343676567078,0.6976797730478003,-0.022754594608907497,0.0629952102899551,0.19422619503549904,0.13123098474554395,843.3167114257812,678.559758104387,-164.75695332139423,900.1910400390625,1399.6642153130392,499.4731752739767,0.4669040664103021,0.7357018656653634,0.26879779925506136,6879916032.0,8692272428.207783,1812356396.2077827
RidgeCV,leave_one_pair_out_boundary_audit,MMCELP4_TI6AL4V_TI6AL4V_V04,Ti6Al4V->Ti6Al4V,Ti6Al4V,Ti6Al4V,760.0,4,,PASS_CEL_P4_CASE,False,122.44707273115505,152.1693041135809,29.722231382425846,27.00444640128679,27.92101291863876,0.9165665173519706,0.1378610886604292,0.28647578751048447,0.14861469885005527,0.7867133617401123,0.7500236178736194,-0.03668974386649293,0.0810173749923706,0.23589108487055113,0.15487370987818053,895.3693237304688,725.0261323670311,-170.34319136343765,1074.137939453125,1514.9544539707872,440.8165145176622,0.5571254872682183,0.7955133137087618,0.23838782644054346,7307118592.0,9706650581.4552,2399531989.4552
RidgeCV,leave_one_pair_out_boundary_audit,MMCELP4_TI6AL4V_TI6AL4V_V05,Ti6Al4V->Ti6Al4V,Ti6Al4V,Ti6Al4V,825.0,5,,PASS_CEL_P4_CASE,True,141.05559194135768,164.815062254844,23.759470313486332,28.47290050536442,29.561910903212137,1.0890103978477157,0.1568954212416429,0.32249325262928447,0.16559783138764156,0.8462955951690674,0.8027354895001526,-0.04356010566891477,0.1022872254252433,0.2778846460491151,0.17559742062387182,945.1976318359376,771.4040960085679,-173.79353582736974,1304.084228515625,1629.9459188444084,325.8616903287834,0.6763922347072744,0.8552113234329265,0.1788190887256521,10485992448.0,10724366762.779894,238374314.77989388
RidgeCV,leave_one_pair_out_boundary_audit,MMCELP4_TI6AL4V_TI6AL4V_V06,Ti6Al4V->Ti6Al4V,Ti6Al4V,Ti6Al4V,890.0,6,,PASS_CEL_P4_CASE,False,157.18767782435762,177.41373543650212,20.2260576121445,29.938133373791583,31.184493517199876,1.2463601434082925,0.1774288284650538,0.3586753192884976,0.1812464908234438,0.9101993441581726,0.8558153879274004,-0.05438395623077219,0.1272137314081192,0.320206878571191,0.1929931471630718,999.1552734375,817.6936490289972,-181.46162440850276,1526.3358154296875,1744.6386099339024,218.30279450421494,0.7916679540610412,0.9147958948378577,0.12312794077681655,13062705152.0,11745420972.181866,-1317284179.8181343
RidgeCV,leave_one_pair_out_boundary_audit,MMCELP4_TI6AL4V_TI6AL4V_V07,Ti6Al4V->Ti6Al4V,Ti6Al4V,Ti6Al4V,955.0,7,,PASS_CEL_P4_CASE,False,170.2306314446482,189.96532365855506,19.734692213906868,31.48063364187899,32.788760760601974,1.308127118722986,0.196910259546712,0.3950219874881238,0.19811172794141177,0.9698036313056946,0.9092633131553625,-0.06054031815033212,0.1562209278345108,0.3628577824367786,0.20663685460226777,1060.16259765625,863.894791428319,-196.26780622793103,1693.6983642578125,1859.0325272392704,165.3341629814579,0.8784742553204422,0.9742670279235554,0.09579277260311314,12870937600.0,12769813209.66111,-101124390.33889008
RidgeCV,leave_one_pair_out_boundary_audit,MMCELP4_TI6AL4V_TI6AL4V_V08,Ti6Al4V->Ti6Al4V,Ti6Al4V,Ti6Al4V,1020.0,8,,PASS_CEL_P4_CASE,False,182.6187318186088,202.46982692100295,19.85109510239414,33.117244925027926,34.37471263341843,1.2574677083905073,0.2188415237469598,0.431533257228163,0.21269173348120318,1.0329302549362185,0.9630792651840386,-0.06985098975217985,0.1860433369874954,0.405837357645878,0.21979402065838263,1122.079833984375,910.0075232065337,-212.07231077784127,1765.745361328125,1973.1276707605111,207.38230943238614,0.9158430297345048,1.0336247226900195,0.11778169295551466,14642691072.0,13797543475.217634,-845147596.7823658
RidgeCV,leave_one_pair_out_boundary_audit,MMCELP4_TI6AL4V_TI6AL4V_V09,Ti6Al4V->Ti6Al4V,Ti6Al4V,Ti6Al4V,1085.0,9,,PASS_CEL_P4_CASE,False,190.40004138669616,214.92724522384572,24.527203837149557,34.80175800244122,35.94234913564924,1.1405911332080194,0.2408290492894593,0.4682091285086153,0.22738007921915598,1.0958409309387207,1.017263244013429,-0.07857768692529166,0.2192915827035904,0.44914560419848937,0.22985402149489897,1204.4371337890625,956.0318443636411,-248.40528942542142,1802.181640625,2086.924040497626,284.7423998726258,0.9347415148469918,1.09286897913725,0.15812746429025815,13853271040.0,14828611768.851437,975340728.8514366
RidgeCV,leave_one_pair_out_boundary_audit,MMCELP4_TI6AL4V_TI6AL4V_V10,Ti6Al4V->Ti6Al4V,Ti6Al4V,Ti6Al4V,1150.0,10,NEAR_MELT_REVIEW,PASS_CEL_P4_CASE,True,200.1962698268956,227.33757856708348,27.141308740187895,36.517377642737,37.491670267294396,0.9742926245573926,0.264530553977238,0.5050496013294807,0.24051904735224272,1.1649948358535769,1.0718152496435338,-0.09317958621004307,0.2522788345813751,0.4927825220946125,0.24050368751323736,1277.01123046875,1001.967754899641,-275.043475569109,1843.3641357421875,2200.4216364506133,357.0575007084258,0.9561017301567364,1.151999797265247,0.19589806710851054,15595612160.0,15863018090.562511,267405930.56251144
RandomForest,pair_aware_velocity_interpolation,MMCELP4_AL6061_SS304_V00,Al6061->SS304,Al6061,SS304,500.0,0,,PASS_CEL_P4_CASE,True,18.043974421140515,24.310340439699957,6.266366018559442,45.920668854891936,51.991998176400784,6.071329321508848,0.0242738747147086,0.02948448220649824,0.005210607491789643,1.668180227279663,1.7820732200145766,0.11389299273491349,0.0046868380159139,0.00797629848510542,0.003289460469191521,573.2646484375,583.0680467732743,9.803398335774318,346.1105651855469,355.82539723714353,9.714832051596659,0.6197455658783784,0.6299040295611612,0.010158463682782837,4404755456.0,4629115477.333304,224360021.3333044
RandomForest,pair_aware_velocity_interpolation,MMCELP4_AL6061_SS304_V01,Al6061->SS304,Al6061,SS304,522.5,1,,PASS_CEL_P4_CASE,False,21.591865991018583,23.209981136485766,1.6181151454671827,50.10490815246885,50.30438152252666,0.19947337005780952,0.0266323650066624,0.028282030465712482,0.0016496654590500807,1.7879618406295776,1.716790671348573,-0.07117116928100464,0.005771396216005,0.006932712733589391,0.001161316517584391,581.5857543945312,578.757646179201,-2.828108215330303,350.8030090332031,353.6976509094311,2.894641876227979,0.628741356102196,0.6249727037673669,-0.003768652334829037,4573826560.0,4502714180.26665,-71112379.7333498
RandomForest,pair_aware_velocity_interpolation,MMCELP4_AL6061_SS304_V02,Al6061->SS304,Al6061,SS304,545.0,2,,PASS_CEL_P4_CASE,False,26.525303023965247,24.48998244728871,-2.0353205766765363,53.78097508895565,51.589194775154894,-2.1917803138007557,0.0295170684694312,0.02951274609964946,-4.322369781737528e-06,1.8031163215637207,1.746830248236655,-0.05628607332706581,0.0069258143194019,0.008152780422629319,0.0012269661032274191,587.7904663085938,580.9098425292975,-6.880623779296229,357.0417175292969,357.3338112386109,0.292093709314031,0.6354491527660473,0.627155311613872,-0.008293841152175352,4463964160.0,4675330454.186714,211366294.18671417
RandomForest,pair_aware_velocity_interpolation,MMCELP4_AL6061_SS304_V03,Al6061->SS304,Al6061,SS304,567.5,3,,PASS_CEL_P4_CASE,False,32.4137395448175,31.23075040004833,-1.1829891447691736,57.49974160071498,56.46459251449886,-1.0351490862161157,0.0316800469590816,0.03196909643368853,0.0002890494746069297,1.653112292289734,1.7859585909048734,0.1328462986151393,0.0081996228545904,0.00837795984000006,0.00017833698540965955,580.0794677734375,586.2175860595689,6.13811828613143,364.5654602050781,365.4102978515615,0.84483764648337,0.6271129381334459,0.6337234957662032,0.006610557632757308,4873634816.0,4775114250.239976,-98520565.76002407
RandomForest,pair_aware_velocity_interpolation,MMCELP4_AL6061_SS304_V04,Al6061->SS304,Al6061,SS304,590.0,4,,PASS_CEL_P4_CASE,False,38.05064691090263,34.475439482492305,-3.575207428410323,61.24506574612736,58.80345122504313,-2.441614521084226,0.034450238217687,0.03337633580334329,-0.0010739024143437137,1.7630763053894043,1.7241323842604925,-0.03894392112891176,0.0095267239958047,0.009077685109804251,-0.0004490388860004489,584.3697509765625,583.766456604003,-0.6032943725595032,370.8575134277344,368.56605082193903,-2.2914626057953456,0.6317510821368243,0.6310862490444192,-0.0006648330924050594,5088556032.0,5077547973.120001,-11008058.87999916
RandomForest,pair_aware_velocity_interpolation,MMCELP4_AL6061_SS304_V05,Al6061->SS304,Al6061,SS304,612.5,5,,PASS_CEL_P4_CASE,False,42.47747075793358,39.21782970198809,-3.259641055945494,64.34410045167118,62.47830316196179,-1.8657972897093913,0.0378255413124861,0.03610227458920934,-0.001723266723276759,1.8607378005981443,1.7989420018593472,-0.06179579873879715,0.0111608561128377,0.010366733496386116,-0.0007941226164515838,590.1805419921875,587.719422810872,-2.461119181315553,376.8821411132813,374.0484251912418,-2.8337159220395165,0.6380330183699324,0.6353723489847266,-0.002660669385205816,5760931840.0,5355823849.813321,-405107990.1866789
RandomForest,pair_aware_velocity_interpolation,MMCELP4_AL6061_SS304_V06,Al6061->SS304,Al6061,SS304,635.0,6,,PASS_CEL_P4_CASE,False,44.56743548437754,42.23693265980143,-2.330502824576108,66.81030585142365,65.99748113890846,-0.8128247125151944,0.041099265217781,0.04183500244986696,0.0007357372320859618,1.9218974113464355,1.8843493962287927,-0.03754801511764283,0.0128129823133349,0.014960417984208746,0.0021474356708738457,596.7991943359375,595.664134012858,-1.1350603230795286,383.4448852539063,385.0330537923189,1.5881685384126172,0.6451883182010135,0.6437416769906898,-0.0014466412103236737,6028742656.0,6222356015.786667,193613359.78666687
RandomForest,pair_aware_velocity_interpolation,MMCELP4_AL6061_SS304_V07,Al6061->SS304,Al6061,SS304,657.5,7,,PASS_CEL_P4_CASE,False,43.51825159373853,42.856883976673636,-0.6613676170648972,68.99199382474796,67.86571740712438,-1.1262764176235862,0.0434073854194139,0.04524406111841009,0.0018366756989961902,1.939573884010315,1.9236629490057653,-0.015910935004549653,0.0145276794210076,0.01703587323116726,0.0025081938101596587,602.6187744140625,602.3724360148112,-0.24633839925127177,393.2791137695313,390.26781224568435,-3.011301523846953,0.6514797561233108,0.6508783675063542,-0.0006013886169565774,6811379200.0,6534321844.05335,-277057355.94664955
RandomForest,pair_aware_velocity_interpolation,MMCELP4_AL6061_SS304_V08,Al6061->SS304,Al6061,SS304,680.0,8,,PASS_CEL_P4_CASE,False,40.17405609349533,42.672702993477856,2.498646899982525,71.01435262335012,69.01653372186539,-1.9978189014847345,0.0472265310236252,0.05890236855066186,0.011675837527036659,1.9300637245178225,1.9443855434656134,0.014321818947790943,0.0164469387382268,0.03191475751033693,0.015467818772110127,613.158935546875,620.4114613850909,7.252525838215888,399.4102478027344,430.2137895202669,30.80354171753254,0.6628745249155406,0.667610891749818,0.004736366834277472,7541570560.0,7480791489.706667,-60779070.29333305
RandomForest,pair_aware_velocity_interpolation,MMCELP4_AL6061_SS304_V09,Al6061->SS304,Al6061,SS304,702.5,9,,PASS_CEL_P4_CASE,False,35.874474877651444,47.20521152784465,11.330736650193202,72.91980821485562,66.77672276129255,-6.143085453563074,0.0505901743963477,0.09824289844952275,0.04765272405317505,1.9907753467559812,1.9531064176559427,-0.037668929100038495,0.0185575354844331,0.07950698048031477,0.06094944499588166,633.0687255859375,644.5083167521161,11.439591166178616,406.0269775390625,527.0899991861996,121.06302164713713,0.6843986222550675,0.6884437386633762,0.004045116408308624,7978577408.0,8658055455.57334,679478047.5733395
RandomForest,pair_aware_velocity_interpolation,MMCELP4_AL6061_SS304_V10,Al6061->SS304,Al6061,SS304,725.0,10,,PASS_CEL_P4_CASE,True,31.444728681368595,44.540560310726796,13.095831629358202,74.430824804356,68.25794940473062,-6.172875399625383,0.0537305686520994,0.08189841945143803,0.028167850799338624,2.1979613304138184,1.9138338942329056,-0.28412743618091274,0.0207446031272411,0.059118466743578624,0.038373863616337524,641.3214721679688,637.9277480061843,-3.393724161784462,419.06353759765625,485.3922295633978,66.32869196574154,0.6933205104518582,0.6848389719805621,-0.008481538471296068,8295150080.0,8279441067.519988,-15709012.48001194
RandomForest,pair_aware_velocity_interpolation,MMCELP4_CU_CU_V00,Cu->Cu,Cu,Cu,300.0,0,,PASS_CEL_P4_CASE,True,23.451065782531632,30.941623348879112,7.49055756634748,30.97533646372405,36.24592456021165,5.270588096487597,0.1769557820807676,0.25167013429078605,0.07471435221001846,0.9555360078811646,1.19423944324255,0.2387034353613855,0.1418847292661667,0.24562939441685253,0.10374466515068584,433.5928039550781,497.1011677042643,63.508363749186174,490.9577941894531,612.9144102478047,121.95661605835153,0.3620632700512191,0.45367135168207806,0.09160808163085898,4025972992.0,8947705911.466667,4921732919.466667
RandomForest,pair_aware_velocity_interpolation,MMCELP4_CU_CU_V01,Cu->Cu,Cu,Cu,355.0,1,,PASS_CEL_P4_CASE,False,27.812176390067144,26.871393173552093,-0.9407832165150509,34.41923506462904,34.28459428918592,-0.13464077544312403,0.2277456769661512,0.2323537649128107,0.0046080879466595115,1.1063930988311768,1.1203529678781807,0.01395986904700397,0.2114320248365402,0.21879559128622833,0.007363566449688136,468.7227783203125,475.82623733520524,7.103459014892735,571.447021484375,566.3642938232441,-5.082727661130889,0.4214211072893621,0.41750492847638443,-0.0039161788129776776,7086087680.0,7842917225.386656,756829545.3866558
RandomForest,pair_aware_velocity_interpolation,MMCELP4_CU_CU_V02,Cu->Cu,Cu,Cu,410.0,2,,PASS_CEL_P4_CASE,False,29.120214472964573,29.342417136390665,0.22220266342609207,37.73277714641386,36.346339189493925,-1.3864379569199343,0.2820364170474931,0.2654926339649439,-0.016543783082549224,1.272550344467163,1.2136817634105683,-0.05886858105659476,0.2848927080631256,0.26488267338213817,-0.020010034680987443,513.696044921875,497.3626357014964,-16.3334092203786,636.7523193359375,613.0924363708469,-23.65988296509056,0.4695813564424317,0.45090571861901513,-0.01867563782341658,14053585920.0,7650190077.440009,-6403395842.559991
RandomForest,pair_aware_velocity_interpolation,MMCELP4_CU_CU_V03,Cu->Cu,Cu,Cu,465.0,3,,PASS_CEL_P4_CASE,False,30.943849284549174,31.709046528255264,0.7651972437060905,40.681998957091935,38.829549645211706,-1.8524493118802283,0.3381293208803981,0.31956403287646656,-0.018565288003931535,1.4287939071655271,1.364227598706881,-0.06456630845864608,0.3659149706363678,0.34194565846274266,-0.023969312173625135,550.9423828125,537.7422442626953,-13.200138549804706,686.5767822265625,674.7257567342103,-11.851025492352164,0.5063250606390579,0.49476545584653275,-0.011559604792525158,9065197568.0,12052783930.879984,2987586362.879984
RandomForest,pair_aware_velocity_interpolation,MMCELP4_CU_CU_V04,Cu->Cu,Cu,Cu,520.0,4,,PASS_CEL_P4_CASE,False,33.49750956958791,33.17519785063883,-0.3223117189490807,42.096496734127015,40.40660632141619,-1.6898904127108239,0.3949583697249181,0.36683118482869875,-0.028127184896219348,1.5700541734695437,1.4962039076288534,-0.07385026584069032,0.4540076553821563,0.4133759162505164,-0.04063173913163992,584.4381713867188,564.3928353881829,-20.045335998535847,736.077880859375,712.9369275919598,-23.14095326741517,0.5428302956190081,0.5256211966066706,-0.01720909901233747,10304609280.0,11198761358.506664,894152078.5066643
RandomForest,pair_aware_velocity_interpolation,MMCELP4_CU_CU_V05,Cu->Cu,Cu,Cu,575.0,5,,PASS_CEL_P4_CASE,True,35.87791412256284,36.09508890610524,0.21717478354239717,41.43419130487329,40.185345270661855,-1.2488460342114323,0.4523328607319854,0.43475187309619884,-0.017580987635786582,1.70257568359375,1.644705428977807,-0.057870254615943084,0.5468625426292419,0.5192827550151082,-0.02757978761413371,600.699951171875,594.2783281453449,-6.421623026530142,779.786865234375,761.7367888895677,-18.05007634480728,0.5750640599073562,0.5605437862505341,-0.01452027365682207,14577115136.0,12708646533.120005,-1868468602.8799953
RandomForest,pair_aware_velocity_interpolation,MMCELP4_CU_CU_V06,Cu->Cu,Cu,Cu,630.0,6,,PASS_CEL_P4_CASE,False,37.84728553709725,37.478799096569304,-0.36848644052794555,38.59387581953518,37.6870220771483,-0.906853742386879,0.5100997441331856,0.5034236841728086,-0.006676059960377012,1.8036293983459477,1.779922292133172,-0.023707106212775608,0.6388731002807617,0.6321406259542957,-0.006732474326466065,610.6246948242188,610.2078425089522,-0.41685231526651023,804.2699584960938,797.4741632588714,-6.7957952372223644,0.5931194384189482,0.5879066477231307,-0.005212790695817482,16229382144.0,15709973582.506676,-519408561.4933243
RandomForest,pair_aware_velocity_interpolation,MMCELP4_CU_CU_V07,Cu->Cu,Cu,Cu,685.0,7,,PASS_CEL_P4_CASE,False,39.07568426236323,37.99950071670428,-1.0761835456589495,34.334759829016825,37.91999005085026,3.5852302218334344,0.5688592500519007,0.502665700544943,-0.06619354950695777,1.8953378200531008,1.7762528943022071,-0.11908492575089369,0.7397428154945374,0.6283673489528384,-0.11137546654169894,623.776123046875,608.9001232401533,-14.875999806721666,825.1095581054688,800.8342292785651,-24.27532882690366,0.6084878747090477,0.5889799865048547,-0.019507888204193025,17889632256.0,15525889673.813374,-2363742582.1866264
RandomForest,pair_aware_velocity_interpolation,MMCELP4_CU_CU_V08,Cu->Cu,Cu,Cu,740.0,8,,PASS_CEL_P4_CASE,False,40.81829240866014,42.18999815809463,1.37170574943449,29.61384330404108,32.70214994005716,3.088306636016082,0.6292339821811765,0.5809160999585107,-0.048317882222665864,1.971268892288208,1.8941358044743566,-0.07713308781385142,0.8363637924194336,0.7589826520780687,-0.0773811403413649,631.1611328125,635.3352498372402,4.174117024740212,849.6636962890625,852.2035089111331,2.539812622070599,0.626595646230872,0.6203596715929031,-0.006235974637968988,17817989120.0,17396263334.400024,-421725785.5999756
RandomForest,pair_aware_velocity_interpolation,MMCELP4_CU_CU_V09,Cu->Cu,Cu,Cu,795.0,9,,PASS_CEL_P4_CASE,False,41.39951039581093,71.61550714978934,30.21599675397841,25.415885007325752,27.42974827907766,2.0138632717519087,0.6893528916407377,0.608974590098417,-0.08037830154232062,2.06144118309021,1.8202140527963682,-0.2412271302938418,0.9399709701538086,0.7946962020918712,-0.1452747680619374,649.0888061523438,720.5356306966146,71.44682454427084,875.2357788085938,1066.9010614013673,191.66528259277356,0.6454541141656296,0.7044364429976703,0.05898232883204069,18101176320.0,18326104768.853317,224928448.85331726
RandomForest,pair_aware_velocity_interpolation,MMCELP4_CU_CU_V10,Cu->Cu,Cu,Cu,850.0,10,,PASS_CEL_P4_CASE,True,40.65857247172016,70.40026635699373,29.741693885273563,22.011275135291985,28.07146758165048,6.060192446358496,0.7496530452044681,0.5930595755823269,-0.15659346962214116,2.13987135887146,1.802236227591834,-0.33763513127962597,1.0341142416000366,0.7723697702089918,-0.26174447139104484,666.5433959960938,709.1701807657878,42.62678476969404,901.2720947265624,1052.7954390462241,151.52334431966176,0.6646549371139842,0.6968627203970983,0.03220778328311413,21233633280.0,16982018697.386646,-4251614582.6133537
RandomForest,pair_aware_velocity_interpolation,MMCELP4_INCONEL718_TI6AL4V_V00,Inconel718->Ti6Al4V,Inconel718,Ti6Al4V,500.0,0,,PASS_CEL_P4_CASE,True,90.86814415582845,110.39876168359663,19.530617527768186,20.313833565569617,22.614700981748733,2.3008674161791163,0.1427842471457552,0.16554690942030043,0.022762662274545237,0.5455921292304993,0.6230335642894158,0.07744143505891654,0.0747755840420723,0.10186010710118806,0.027084523059115767,578.3363647460938,641.6974175008139,63.36105275472016,744.9688720703125,983.1582045491539,238.18933247884138,0.3863946431899961,0.5208219374269105,0.1344272942369144,5901877248.0,6990201588.053337,1088324340.053337
RandomForest,pair_aware_velocity_interpolation,MMCELP4_INCONEL718_TI6AL4V_V01,Inconel718->Ti6Al4V,Inconel718,Ti6Al4V,565.0,1,,PASS_CEL_P4_CASE,False,109.5983702402537,102.01305006160007,-7.585320178653632,22.206872388233226,21.610894443658296,-0.5959779445749298,0.1710305878077633,0.15079639177126103,-0.020234196036502283,0.60349440574646,0.593296825289728,-0.010197580456731914,0.1015675291419029,0.087805216770308,-0.013762312371594893,612.9817504882812,627.4799940490726,14.498243560791366,954.5123901367188,894.6427262369796,-59.86966389973918,0.4950790405273437,0.4736908682541515,-0.021388172273192174,6175411712.0,6915736689.066666,740324977.0666656
RandomForest,pair_aware_velocity_interpolation,MMCELP4_INCONEL718_TI6AL4V_V02,Inconel718->Ti6Al4V,Inconel718,Ti6Al4V,630.0,2,,PASS_CEL_P4_CASE,False,128.2459746782076,117.2796936071022,-10.9662810711054,23.25385311384998,23.42931930136129,0.17546618751130794,0.2016117832681629,0.17811097732192144,-0.02350080594624146,0.6247341632843018,0.6477783966064449,0.023044233322143115,0.1369559317827224,0.1172577998220608,-0.019698131960661586,625.3604736328125,661.7416066487632,36.381133015950695,1288.851806640625,1102.1372474161776,-186.71455922444738,0.668491600954681,0.577134723024225,-0.09135687793045599,9216011264.0,6891671231.999991,-2324340032.0000086
RandomForest,pair_aware_velocity_interpolation,MMCELP4_INCONEL718_TI6AL4V_V03,Inconel718->Ti6Al4V,Inconel718,Ti6Al4V,695.0,3,,PASS_CEL_P4_CASE,False,144.67032688755506,126.69849282618236,-17.971834061372704,23.81344984629612,24.23004555118242,0.4165957048863014,0.2348593443457503,0.20963773621739784,-0.025221608128352446,0.6454243659973145,0.6764217832684509,0.030997417271136474,0.1811950802803039,0.15444241195373842,-0.026752668326565476,634.4721069335938,651.1918194580078,16.719712524414035,1579.49072265625,1271.9301791890477,-307.56054346720225,0.8192379266889264,0.6682434897687186,-0.15099443692020775,7953964032.0,8476964650.666675,523000618.6666746
RandomForest,pair_aware_velocity_interpolation,MMCELP4_INCONEL718_TI6AL4V_V04,Inconel718->Ti6Al4V,Inconel718,Ti6Al4V,760.0,4,,PASS_CEL_P4_CASE,False,159.13038300074746,146.97526092232727,-12.155122078420192,24.394237778143182,24.683953675321455,0.2897158971782723,0.2725175909290556,0.24970758204290167,-0.02281000888615392,0.6580291986465454,0.6837995427846918,0.025770344138146384,0.2290190160274505,0.20030077932092072,-0.028718236706529787,645.3873291015625,664.700126953125,19.31279785156255,1764.7451171875,1553.725534617102,-211.01958257039792,0.9153242309063796,0.8085144380071911,-0.10680979289918846,8390772224.0,8743470857.386675,352698633.3866749
RandomForest,pair_aware_velocity_interpolation,MMCELP4_INCONEL718_TI6AL4V_V05,Inconel718->Ti6Al4V,Inconel718,Ti6Al4V,825.0,5,NEAR_MELT_REVIEW,PASS_CEL_P4_CASE,True,172.07365212842308,160.10910056991668,-11.9645515585064,25.54410243478586,25.132325810364208,-0.41177662442165186,0.3120392284472473,0.278002482324761,-0.034036746122486305,0.7125493288040161,0.6892277404665971,-0.02332158833741904,0.274111807346344,0.23485010262578718,-0.03926170472055682,680.6773681640625,682.0080116780597,1.3306435139971882,1844.2757568359373,1724.9340898640974,-119.34166697183991,0.9565745626742416,0.894925719098496,-0.061648843575745516,9630139392.0,9142974817.279991,-487164574.72000885
RandomForest,pair_aware_velocity_interpolation,MMCELP4_INCONEL718_TI6AL4V_V06,Inconel718->Ti6Al4V,Inconel718,Ti6Al4V,890.0,6,NEAR_MELT_REVIEW,PASS_CEL_P4_CASE,False,181.9397083564696,181.17675468191516,-0.7629536745544385,27.24169049305159,27.375831054329446,0.13414056127785656,0.3522172119119204,0.345602665280845,-0.006614546631075413,0.7604994177818298,0.7807480084896071,0.020248590707777292,0.3204774260520935,0.31360781367868173,-0.006869612373411771,754.5037231445312,769.1712933349611,14.667570190429842,1885.7010498046875,1859.0409181722011,-26.660131632486355,0.9780607104796096,0.9642328413756227,-0.013827869103986923,11775314944.0,11155808431.786667,-619506512.2133331
RandomForest,pair_aware_velocity_interpolation,MMCELP4_INCONEL718_TI6AL4V_V07,Inconel718->Ti6Al4V,Inconel718,Ti6Al4V,955.0,7,NEAR_MELT_REVIEW,PASS_CEL_P4_CASE,False,193.4685014373763,192.1232798788447,-1.3452215585315912,28.959277781567938,29.353967331714284,0.3946895501463459,0.3923467374988831,0.38786433609250986,-0.004482401406373238,0.8333325982093811,0.8549094923337268,0.021576894124345714,0.3660039603710174,0.364623287121454,-0.0013806732495634244,837.5016479492188,859.336682840983,21.83503489176428,1916.6739501953125,1893.5108317057213,-23.16311848959117,0.9941254928398924,0.9821114272332621,-0.01201406560663032,11744952320.0,14250083492.693361,2505131172.6933613
RandomForest,pair_aware_velocity_interpolation,MMCELP4_INCONEL718_TI6AL4V_V08,Inconel718->Ti6Al4V,Inconel718,Ti6Al4V,1020.0,8,NEAR_MELT_REVIEW,PASS_CEL_P4_CASE,False,202.48943781615736,199.49768326884737,-2.991754547309995,30.89819686722632,30.514735574729333,-0.3834612924969889,0.4314097895985469,0.4183075235838869,-0.013102266014660024,0.914595067501068,0.9101963394880269,-0.004398728013041087,0.415949136018753,0.3989330900460479,-0.01701604597270512,944.4088134765624,888.132020263672,-56.276793212890425,1920.986328125,1912.6363423665437,-8.349985758456342,0.996362203384336,0.9920312979079564,-0.0043309054763795984,17899638784.0,12161773102.933336,-5737865681.066664
RandomForest,pair_aware_velocity_interpolation,MMCELP4_INCONEL718_TI6AL4V_V09,Inconel718->Ti6Al4V,Inconel718,Ti6Al4V,1085.0,9,NEAR_MELT_REVIEW,PASS_CEL_P4_CASE,False,210.670040623692,207.81826887230318,-2.85177175138881,32.61029667907848,32.5705183803157,-0.03977829876278349,0.4715891918749548,0.4663237848035359,-0.0052654070714188705,1.0084296464920044,1.0239288219809555,0.015499175488951078,0.4624225199222564,0.460320074583093,-0.002102445339163428,942.8836059570312,984.1641135660814,41.28050760905012,1922.873779296875,1915.8732570393913,-7.000522257483681,0.9973411718344788,0.9946961463483026,-0.002645025486176178,12018502656.0,16409369243.306631,4390866587.306631
RandomForest,pair_aware_velocity_interpolation,MMCELP4_INCONEL718_TI6AL4V_V10,Inconel718->Ti6Al4V,Inconel718,Ti6Al4V,1150.0,10,PEEQ_MAX_REVIEW;NEAR_MELT_REVIEW,PASS_CEL_P4_CASE,True,216.35016608831003,206.07683189628864,-10.273334192021395,34.31058000296023,31.735635560874208,-2.5749444420860215,0.5093639265396632,0.44858657447548317,-0.06077735206418006,1.1144793033599854,0.9635741274555507,-0.15090517590443464,0.5108830332756042,0.4355331443001822,-0.07534988897542205,1031.7933349609375,932.3454945882152,-99.44784037272234,1927.9344482421875,1919.2109633382079,-8.723484903979625,0.999966000125616,0.9954413710260447,-0.004524629099571298,16359011328.0,13534367147.519993,-2824644180.480007
RandomForest,pair_aware_velocity_interpolation,MMCELP4_TI6AL4V_TI6AL4V_V00,Ti6Al4V->Ti6Al4V,Ti6Al4V,Ti6Al4V,500.0,0,,PASS_CEL_P4_CASE,True,85.29434884584396,93.81113568929484,8.516786843450888,17.04523574545537,21.506981832707528,4.461746087252159,0.0724238134353072,0.09626127296845313,0.023837459533145935,0.512882649898529,0.6184747302532223,0.10559208035469325,0.0239270739257335,0.04488793495421445,0.020960861028480948,663.1607666015625,745.1092502848305,81.94848368326802,525.1722412109375,675.3020968627941,150.1298556518566,0.343963053216578,0.39583744257132547,0.051874389354747474,6963420672.0,6987278551.039969,23857879.039969444
RandomForest,pair_aware_velocity_interpolation,MMCELP4_TI6AL4V_TI6AL4V_V01,Ti6Al4V->Ti6Al4V,Ti6Al4V,Ti6Al4V,565.0,1,,PASS_CEL_P4_CASE,False,90.67398857115738,90.16036453496218,-0.5136240361951963,20.14153517025823,19.248542385811664,-0.8929927844465659,0.0856950555316871,0.08730658299403618,0.0016115274623490772,0.582818865776062,0.563865566353001,-0.01895329942306101,0.0355393849313259,0.036208133548499166,0.0006687486171732676,723.3856811523438,699.0473610941569,-24.33832005818681,610.9144897460938,617.4984569803871,6.583967234293368,0.3752000420914646,0.37310763706307487,-0.0020924050283897544,6705716736.0,7068036517.120003,362319781.12000275
RandomForest,pair_aware_velocity_interpolation,MMCELP4_TI6AL4V_TI6AL4V_V02,Ti6Al4V->Ti6Al4V,Ti6Al4V,Ti6Al4V,630.0,2,,PASS_CEL_P4_CASE,False,97.08379274250284,98.22107839219274,1.1372856496899004,22.922535011629986,22.05091654891222,-0.8716184627177661,0.1017550857795868,0.10742652643026926,0.005671440650682452,0.64458829164505,0.6361568401257146,-0.008431451519335442,0.0482398495078086,0.054975988157091316,0.0067361386492827136,780.3802490234375,750.9253415934244,-29.454907430013122,726.669189453125,754.7558770751962,28.086687622071167,0.4047615399499157,0.42673759024921,0.02197605029929428,7745701888.0,6862748738.560019,-882953149.4399815
RandomForest,pair_aware_velocity_interpolation,MMCELP4_TI6AL4V_TI6AL4V_V03,Ti6Al4V->Ti6Al4V,Ti6Al4V,Ti6Al4V,695.0,3,,PASS_CEL_P4_CASE,False,107.24120577246474,103.05372586998212,-4.187479902482622,25.242919957946413,23.963962906058512,-1.2789570518879003,0.1193444131786236,0.1288973980156995,0.009552984837075895,0.7204343676567078,0.6944882012406967,-0.025946166416011107,0.0629952102899551,0.0771034024679105,0.014108192177955406,843.3167114257812,766.7872002665205,-76.52951115926078,900.1910400390625,846.8283506266275,-53.362689412434975,0.4669040664103021,0.46650747069872933,-0.00039659571157274476,6879916032.0,7823130077.440002,943214045.4400024
RandomForest,pair_aware_velocity_interpolation,MMCELP4_TI6AL4V_TI6AL4V_V04,Ti6Al4V->Ti6Al4V,Ti6Al4V,Ti6Al4V,760.0,4,,PASS_CEL_P4_CASE,False,122.44707273115505,121.16340017769724,-1.283672553457805,27.00444640128679,25.829635502711838,-1.1748108985749504,0.1378610886604292,0.14788583133243555,0.010024742672006343,0.7867133617401123,0.7478450566530255,-0.03886830508708683,0.0810173749923706,0.09383395045374862,0.012816575461378016,895.3693237304688,835.3839635213211,-59.98536020914764,1074.137939453125,1092.5442786661777,18.40633921305266,0.5571254872682183,0.5721732836922132,0.015047796423994897,7307118592.0,8520352319.146662,1213233727.1466618
RandomForest,pair_aware_velocity_interpolation,MMCELP4_TI6AL4V_TI6AL4V_V05,Ti6Al4V->Ti6Al4V,Ti6Al4V,Ti6Al4V,825.0,5,,PASS_CEL_P4_CASE,True,141.05559194135768,132.77246376482586,-8.283128176531818,28.47290050536442,26.540647867817547,-1.932252637546874,0.1568954212416429,0.1689024956855666,0.012007074443923682,0.8462955951690674,0.7654427992304146,-0.0808527959386528,0.1022872254252433,0.11421615770707536,0.011928932281832061,945.1976318359376,841.4773206583653,-103.72031117757228,1304.084228515625,1256.958000590008,-47.12622792561706,0.6763922347072744,0.652468637753984,-0.023923596953290382,10485992448.0,8527854017.706678,-1958138430.2933216
RandomForest,pair_aware_velocity_interpolation,MMCELP4_TI6AL4V_TI6AL4V_V06,Ti6Al4V->Ti6Al4V,Ti6Al4V,Ti6Al4V,890.0,6,,PASS_CEL_P4_CASE,False,157.18767782435762,154.7053070868977,-2.4823707374599167,29.938133373791583,29.275154376314184,-0.6629789974773992,0.1774288284650538,0.18925594517895689,0.011827116713903074,0.9101993441581726,0.877071375648178,-0.033127968509994554,0.1272137314081192,0.14213933166116538,0.014925600253046178,999.1552734375,957.4642691040044,-41.691004333495584,1526.3358154296875,1500.2008473714204,-26.134968058267077,0.7916679540610412,0.7783910961430729,-0.013276857917968288,13062705152.0,11198839069.866667,-1863866082.1333332
RandomForest,pair_aware_velocity_interpolation,MMCELP4_TI6AL4V_TI6AL4V_V07,Ti6Al4V->Ti6Al4V,Ti6Al4V,Ti6Al4V,955.0,7,,PASS_CEL_P4_CASE,False,170.2306314446482,167.93940712196007,-2.291224322688123,31.48063364187899,31.13601491994422,-0.3446187219347685,0.196910259546712,0.20177371158448915,0.004863452037777133,0.9698036313056946,0.9539734100302093,-0.01583022127548528,0.1562209278345108,0.16020664320637754,0.003985715371866733,1060.16259765625,1040.9085906982382,-19.254006958011814,1693.6983642578125,1624.507440592447,-69.19092366536552,0.8784742553204422,0.842586846780314,-0.035887408540128174,12870937600.0,13339791257.600002,468853657.6000023
RandomForest,pair_aware_velocity_interpolation,MMCELP4_TI6AL4V_TI6AL4V_V08,Ti6Al4V->Ti6Al4V,Ti6Al4V,Ti6Al4V,1020.0,8,,PASS_CEL_P4_CASE,False,182.6187318186088,176.25416497713064,-6.364566841478165,33.117244925027926,32.32492398907521,-0.7923209359527164,0.2188415237469598,0.21766905592812685,-0.0011724678188329563,1.0329302549362185,1.0000346036752077,-0.032895651261010794,0.1860433369874954,0.18339979997525596,-0.002643537012239433,1122.079833984375,1092.1915828450506,-29.88825113932444,1765.745361328125,1714.6712982177773,-51.07406311034765,0.9158430297345048,0.8893523331005041,-0.02649069663400072,14642691072.0,13102286868.48002,-1540404203.5199795
RandomForest,pair_aware_velocity_interpolation,MMCELP4_TI6AL4V_TI6AL4V_V09,Ti6Al4V->Ti6Al4V,Ti6Al4V,Ti6Al4V,1085.0,9,,PASS_CEL_P4_CASE,False,190.40004138669616,190.09181288781184,-0.30822849888431847,34.80175800244122,34.41017350002544,-0.3915845024157818,0.2408290492894593,0.2565064621952238,0.01567741290576452,1.0958409309387207,1.0909432061513256,-0.004897724787395141,0.2192915827035904,0.23572934402773774,0.016437761324147343,1204.4371337890625,1175.3500732421899,-29.087060546872635,1802.181640625,1793.089081013991,-9.092559611008937,0.9347415148469918,0.9310114077459242,-0.0037301071010675813,13853271040.0,14983074083.84,1129803043.8400002
RandomForest,pair_aware_velocity_interpolation,MMCELP4_TI6AL4V_TI6AL4V_V10,Ti6Al4V->Ti6Al4V,Ti6Al4V,Ti6Al4V,1150.0,10,NEAR_MELT_REVIEW,PASS_CEL_P4_CASE,True,200.1962698268956,186.21786808475937,-13.978401742136214,36.517377642737,33.743273074626224,-2.774104568110779,0.264530553977238,0.24141193510634665,-0.023118618870891366,1.1649948358535769,1.0565181828538592,-0.10847665299971765,0.2522788345813751,0.21563206533590978,-0.03664676924546534,1277.01123046875,1149.0232343546575,-127.98799611409254,1843.3641357421875,1780.1852912394188,-63.1788445027687,0.9561017301567364,0.9236517760174238,-0.03244995413931262,15595612160.0,13890190485.333317,-1705421674.6666832
RandomForest,leave_one_pair_out_boundary_audit,MMCELP4_AL6061_SS304_V00,Al6061->SS304,Al6061,SS304,500.0,0,,PASS_CEL_P4_CASE,True,18.043974421140515,75.08216363623052,57.03818921509,45.920668854891936,25.63881816312243,-20.281850691769506,0.0242738747147086,0.1669819365891574,0.1427080618744488,1.668180227279663,0.7710785569747303,-0.8971016703049328,0.0046868380159139,0.122613148658227,0.11792631064231311,573.2646484375,597.8961073303224,24.631458892822366,346.1105651855469,725.2913933817528,379.1808281962059,0.6197455658783784,0.4310856097231597,-0.1886599561552187,4404755456.0,6823838752.853335,2419083296.8533354
RandomForest,leave_one_pair_out_boundary_audit,MMCELP4_AL6061_SS304_V01,Al6061->SS304,Al6061,SS304,522.5,1,,PASS_CEL_P4_CASE,False,21.591865991018583,79.90337300479665,58.31150701377807,50.10490815246885,26.595152354598223,-23.50975579787063,0.0266323650066624,0.17899736400674257,0.15236499900008016,1.7879618406295776,0.8047513279318816,-0.983210512697696,0.005771396216005,0.13687139141062993,0.13109999519462492,581.5857543945312,617.7420090738932,36.15625467936195,350.8030090332031,794.7586694335932,443.9556604003901,0.628741356102196,0.46556515869456316,-0.16317619740763278,4573826560.0,7327860701.866662,2754034141.866662
RandomForest,leave_one_pair_out_boundary_audit,MMCELP4_AL6061_SS304_V02,Al6061->SS304,Al6061,SS304,545.0,2,,PASS_CEL_P4_CASE,False,26.525303023965247,86.65254421826012,60.12724119429487,53.78097508895565,27.359730451678583,-26.421244637277066,0.0295170684694312,0.1929592814349232,0.163442212965492,1.8031163215637207,0.8266785626610127,-0.976437758902708,0.0069258143194019,0.15161527189736662,0.14468945757796473,587.7904663085938,631.3369234720867,43.54645716349296,357.0417175292969,894.4437923685717,537.4020748392749,0.6354491527660473,0.5127867790189821,-0.12266237374706523,4463964160.0,8125105854.7199955,3661141694.7199955
RandomForest,leave_one_pair_out_boundary_audit,MMCELP4_AL6061_SS304_V03,Al6061->SS304,Al6061,SS304,567.5,3,,PASS_CEL_P4_CASE,False,32.4137395448175,95.97124875646702,63.55750921164952,57.49974160071498,28.107128463064075,-29.3926131376509,0.0316800469590816,0.21447153876579214,0.18279149180671053,1.653112292289734,0.8560616352160779,-0.7970506570736562,0.0081996228545904,0.1767912404611715,0.16859161760658112,580.0794677734375,644.0510154724121,63.97154769897463,364.5654602050781,1037.5656211853025,673.0001609802243,0.6271129381334459,0.5829025533074729,-0.04421038482597306,4873634816.0,8426003781.546664,3552368965.546664
RandomForest,leave_one_pair_out_boundary_audit,MMCELP4_AL6061_SS304_V04,Al6061->SS304,Al6061,SS304,590.0,4,,PASS_CEL_P4_CASE,False,38.05064691090263,100.82848297760121,62.77783606669858,61.24506574612736,28.29211449373583,-32.95295125239153,0.034450238217687,0.22550979303256682,0.19105955481487982,1.7630763053894043,0.8735268512368206,-0.8895494541525837,0.0095267239958047,0.1916986694497372,0.1821719454539325,584.3697509765625,657.4204364013672,73.05068542480467,370.8575134277344,1096.6133292643228,725.7558158365885,0.6317510821368243,0.6126968225955782,-0.019054259541246066,5088556032.0,8786584692.05333,3698028660.0533295
RandomForest,leave_one_pair_out_boundary_audit,MMCELP4_AL6061_SS304_V05,Al6061->SS304,Al6061,SS304,612.5,5,,PASS_CEL_P4_CASE,False,42.47747075793358,113.26352593041814,70.78605517248457,64.34410045167118,28.930767194665556,-35.413333257005625,0.0378255413124861,0.2502531022097778,0.2124275608972917,1.8607378005981443,0.9141489888230964,-0.946588811775048,0.0111608561128377,0.2241943899231653,0.21303353381032758,590.1805419921875,696.004924214681,105.82438222249345,376.8821411132813,1242.0652979532879,865.1831568400066,0.6380330183699324,0.6854960820222538,0.047463063652321336,5760931840.0,9770494324.053324,4009562484.0533237
RandomForest,leave_one_pair_out_boundary_audit,MMCELP4_AL6061_SS304_V06,Al6061->SS304,Al6061,SS304,635.0,6,,PASS_CEL_P4_CASE,False,44.56743548437754,120.3566830991634,75.78924761478586,66.81030585142365,29.407068850175424,-37.40323700124823,0.041099265217781,0.2704040988343574,0.2293048336165764,1.9218974113464355,0.9549366716543837,-0.9669607396920519,0.0128129823133349,0.2517759722098707,0.2389629898965358,596.7991943359375,727.9680698649089,131.1688755289714,383.4448852539063,1314.9049839274087,931.4600986735024,0.6451883182010135,0.7234416391844294,0.07825332098341586,6028742656.0,10670159353.17333,4641416697.17333
RandomForest,leave_one_pair_out_boundary_audit,MMCELP4_AL6061_SS304_V07,Al6061->SS304,Al6061,SS304,657.5,7,,PASS_CEL_P4_CASE,False,43.51825159373853,124.60468317901066,81.08643158527212,68.99199382474796,29.449403700795795,-39.542590123952166,0.0434073854194139,0.29094083626356826,0.24753345084415435,1.939573884010315,0.9923034014304482,-0.9472704825798668,0.0145276794210076,0.2811072396362821,0.2665795602152745,602.6187744140625,749.8836200968425,147.26484568278,393.2791137695313,1355.0190107218423,961.739896952311,0.6514797561233108,0.7453816572848071,0.09390190116149633,6811379200.0,11249074694.826668,4437695494.826668
RandomForest,leave_one_pair_out_boundary_audit,MMCELP4_AL6061_SS304_V08,Al6061->SS304,Al6061,SS304,680.0,8,,PASS_CEL_P4_CASE,False,40.17405609349533,130.62341702957048,90.44936093607515,71.01435262335012,29.714534778146998,-41.29981784520312,0.0472265310236252,0.31218997628457146,0.2649634452609463,1.9300637245178225,1.030553413828214,-0.8995103106896085,0.0164469387382268,0.31020928089817357,0.2937623421599468,613.158935546875,780.6550227355957,167.4960871887207,399.4102478027344,1407.816620737711,1008.4063729349766,0.6628745249155406,0.7726913871726694,0.10981686225712883,7541570560.0,11957811083.52,4416240523.52
RandomForest,leave_one_pair_out_boundary_audit,MMCELP4_AL6061_SS304_V09,Al6061->SS304,Al6061,SS304,702.5,9,,PASS_CEL_P4_CASE,False,35.874474877651444,133.1218698834126,97.24739500576115,72.91980821485562,29.733599813734045,-43.186208401121576,0.0505901743963477,0.3188079663686949,0.2682177919723472,1.9907753467559812,1.0420424862702686,-0.9487328604857126,0.0185575354844331,0.31964747509608665,0.30108993961165353,633.0687255859375,791.3780818176269,158.30935623168943,406.0269775390625,1429.4112430318191,1023.3842654927566,0.6843986222550675,0.7834534955547963,0.09905487329972873,7978577408.0,12024147359.146667,4045569951.1466675
RandomForest,leave_one_pair_out_boundary_audit,MMCELP4_AL6061_SS304_V10,Al6061->SS304,Al6061,SS304,725.0,10,,PASS_CEL_P4_CASE,True,31.444728681368595,134.67677467101277,103.23204598964418,74.430824804356,29.65334792230619,-44.77747688204982,0.0537305686520994,0.3286183393508205,0.2748877706987211,2.1979613304138184,1.0607676553726197,-1.1371936750411986,0.0207446031272411,0.33422323994338504,0.31347863681614396,641.3214721679688,802.1427288309733,160.82125666300453,419.06353759765625,1440.8813775126132,1021.817839914957,0.6933205104518582,0.7899787499097958,0.09665823945793761,8295150080.0,12270201877.759998,3975051797.7599983
RandomForest,leave_one_pair_out_boundary_audit,MMCELP4_CU_CU_V00,Cu->Cu,Cu,Cu,300.0,0,,PASS_CEL_P4_CASE,True,23.451065782531632,96.78738918977396,73.33632340724233,30.97533646372405,38.37144274930727,7.396106285583219,0.1769557820807676,0.14453563384222426,-0.032420148238543334,0.9555360078811646,1.1617442227403323,0.20620821485916774,0.1418847292661667,0.10552494267001745,-0.03635978659614923,433.5928039550781,690.1729710896813,256.58016713460313,490.9577941894531,973.3297324625652,482.37193827311205,0.3620632700512191,0.6895988032819962,0.3275355332307771,4025972992.0,7895955647.999998,3869982655.999998
RandomForest,leave_one_pair_out_boundary_audit,MMCELP4_CU_CU_V01,Cu->Cu,Cu,Cu,355.0,1,,PASS_CEL_P4_CASE,False,27.812176390067144,97.30497162995971,69.49279523989256,34.41923506462904,38.699335188944644,4.280100124315602,0.2277456769661512,0.14505440459515734,-0.08269127237099386,1.1063930988311768,1.1683313759167988,0.06193827708562205,0.2114320248365402,0.10593754715363804,-0.10549447768290215,468.7227783203125,692.0200513712567,223.29727305094423,571.447021484375,976.6442125447592,405.19719106038417,0.4214211072893621,0.6914102402358558,0.26998913294649374,7086087680.0,7910640956.586664,824553276.5866642
RandomForest,leave_one_pair_out_boundary_audit,MMCELP4_CU_CU_V02,Cu->Cu,Cu,Cu,410.0,2,,PASS_CEL_P4_CASE,False,29.120214472964573,97.62203792968272,68.50182345671814,37.73277714641386,38.857158069378606,1.1243809229647468,0.2820364170474931,0.1454716937587363,-0.1365647232887568,1.272550344467163,1.1696379398306211,-0.10291240463654194,0.2848927080631256,0.10629563931686181,-0.1785970687462638,513.696044921875,692.9183282470706,179.22228332519558,636.7523193359375,979.7604508463543,343.0081315104168,0.4695813564424317,0.6928014789742295,0.2232201225317978,14053585920.0,7933298952.53333,-6120286967.46667
RandomForest,leave_one_pair_out_boundary_audit,MMCELP4_CU_CU_V03,Cu->Cu,Cu,Cu,465.0,3,,PASS_CEL_P4_CASE,False,30.943849284549174,99.64859819558812,68.70474891103895,40.681998957091935,39.59203052193428,-1.0899684351576582,0.3381293208803981,0.14781157142351728,-0.19031774945688082,1.4287939071655271,1.167735935151577,-0.2610579720139501,0.3659149706363678,0.10892480151883009,-0.2569901691175377,550.9423828125,696.1593853759767,145.21700256347674,686.5767822265625,999.5629303487143,312.9861481221518,0.5063250606390579,0.7019192962895179,0.19559423565045997,9065197568.0,7941184384.853332,-1124013183.1466684
RandomForest,leave_one_pair_out_boundary_audit,MMCELP4_CU_CU_V04,Cu->Cu,Cu,Cu,520.0,4,,PASS_CEL_P4_CASE,False,33.49750956958791,100.00345625918662,66.50594668959872,42.096496734127015,40.1436387623473,-1.9528579717797143,0.3949583697249181,0.14801349002103353,-0.24694487970388457,1.5700541734695437,1.1791771736741066,-0.3908769997954371,0.4540076553821563,0.10921340200196325,-0.3447942533801931,584.4381713867188,697.53160736084,113.09343597412123,736.077880859375,1000.3053252665202,264.2274444071452,0.5428302956190081,0.7040876486481901,0.16125735302918198,10304609280.0,7979863108.266664,-2324746171.7333364
RandomForest,leave_one_pair_out_boundary_audit,MMCELP4_CU_CU_V05,Cu->Cu,Cu,Cu,575.0,5,,PASS_CEL_P4_CASE,True,35.87791412256284,102.03212736317326,66.15421324061042,41.43419130487329,41.68697156701354,0.25278026214025573,0.4523328607319854,0.14996296998409278,-0.30236989074789267,1.70257568359375,1.1949209582805633,-0.5076547253131867,0.5468625426292419,0.1106572387708971,-0.43620530385834483,600.699951171875,703.4144487508139,102.7144975789389,779.786865234375,1008.4155324300131,228.62866719563806,0.5750640599073562,0.7080821967196489,0.1330181368122927,14577115136.0,8195940858.879999,-6381174277.120001
RandomForest,leave_one_pair_out_boundary_audit,MMCELP4_CU_CU_V06,Cu->Cu,Cu,Cu,630.0,6,,PASS_CEL_P4_CASE,False,37.84728553709725,104.51544527929084,66.6681597421936,38.59387581953518,43.68203645308804,5.08816063355286,0.5100997441331856,0.15476810531633112,-0.3553316388168545,1.8036293983459477,1.2452687070767086,-0.5583606912692392,0.6388731002807617,0.11496924090820049,-0.5239038593725612,610.6246948242188,716.0397198486329,105.41502502441415,804.2699584960938,1026.7206825256349,222.4507240295411,0.5931194384189482,0.7195286296550013,0.1264091912360531,16229382144.0,8669089663.999998,-7560292480.000002
RandomForest,leave_one_pair_out_boundary_audit,MMCELP4_CU_CU_V07,Cu->Cu,Cu,Cu,685.0,7,,PASS_CEL_P4_CASE,False,39.07568426236323,105.96899745139336,66.89331318903012,34.334759829016825,44.71481444648717,10.380054617470343,0.5688592500519007,0.16162666186119165,-0.40723258819070907,1.8953378200531008,1.2640974391500155,-0.6312403809030853,0.7397428154945374,0.1220439365785568,-0.6176988789159805,623.776123046875,726.6080322265625,102.8319091796875,825.1095581054688,1058.034047241211,232.9244891357423,0.6084878747090477,0.7363492219103621,0.12786134720131437,17889632256.0,8991308297.386667,-8898323958.613333
RandomForest,leave_one_pair_out_boundary_audit,MMCELP4_CU_CU_V08,Cu->Cu,Cu,Cu,740.0,8,,PASS_CEL_P4_CASE,False,40.81829240866014,118.85424881547927,78.03595640681912,29.61384330404108,44.13163471357432,14.517791409533242,0.6292339821811765,0.19373176846784182,-0.43550221371333475,1.971268892288208,1.271801485915979,-0.699467406372229,0.8363637924194336,0.15753373453238353,-0.6788300578870501,631.1611328125,778.980014851888,147.81888203938797,849.6636962890625,1193.3352517700196,343.67155548095707,0.626595646230872,0.7854696828959309,0.15887403666505884,17817989120.0,10091126940.159998,-7726862179.840002
RandomForest,leave_one_pair_out_boundary_audit,MMCELP4_CU_CU_V09,Cu->Cu,Cu,Cu,795.0,9,,PASS_CEL_P4_CASE,False,41.39951039581093,159.28963729418228,117.89012689837136,25.415885007325752,38.694889099533654,13.279004092207902,0.6893528916407377,0.2737234674896171,-0.41562942415112053,2.06144118309021,1.150754806896051,-0.910686376194159,0.9399709701538086,0.24664420845607873,-0.6933267616977299,649.0888061523438,915.6278507486984,266.53904459635464,875.2357788085938,1548.1323078918467,672.896529083253,0.6454541141656296,0.8873251311796115,0.24187101701398195,18101176320.0,12458619456.00001,-5642556863.99999
RandomForest,leave_one_pair_out_boundary_audit,MMCELP4_CU_CU_V10,Cu->Cu,Cu,Cu,850.0,10,,PASS_CEL_P4_CASE,True,40.65857247172016,164.24669832042605,123.58812584870589,22.011275135291985,38.69863277799341,16.687357642701425,0.7496530452044681,0.2854003547857546,-0.4642526904187135,2.13987135887146,1.1662872190276783,-0.9735841398437817,1.0341142416000366,0.2609292603501426,-0.7731849812498941,666.5433959960938,945.8380792236333,279.2946832275395,901.2720947265624,1580.675891774496,679.4037970479336,0.6646549371139842,0.8973216532217066,0.2326667161077225,21233633280.0,12842357469.013348,-8391275810.986652
RandomForest,leave_one_pair_out_boundary_audit,MMCELP4_INCONEL718_TI6AL4V_V00,Inconel718->Ti6Al4V,Inconel718,Ti6Al4V,500.0,0,,PASS_CEL_P4_CASE,True,90.86814415582845,74.24065570377628,-16.627488452052162,20.313833565569617,25.348400855244257,5.034567289674641,0.1427842471457552,0.10468537232100122,-0.038098874824753964,0.5455921292304993,0.788710783322653,0.24311865409215372,0.0747755840420723,0.0630373739730572,-0.011738210069015098,578.3363647460938,670.6898081461588,92.35344340006509,744.9688720703125,596.2604160054518,-148.70845606486068,0.3863946431899961,0.41267144285040763,0.02627679966041152,5901877248.0,6811393139.200026,909515891.2000256
RandomForest,leave_one_pair_out_boundary_audit,MMCELP4_INCONEL718_TI6AL4V_V01,Inconel718->Ti6Al4V,Inconel718,Ti6Al4V,565.0,1,,PASS_CEL_P4_CASE,False,109.5983702402537,79.28372410613304,-30.314646134120665,22.206872388233226,27.429993898084767,5.223121509851541,0.1710305878077633,0.11639415237141318,-0.054636435436350134,0.60349440574646,0.8367618576685609,0.23326745192210097,0.1015675291419029,0.07473345645160154,-0.026834072690301358,612.9817504882812,705.2745872497559,92.29283676147463,954.5123901367188,667.3083425903324,-287.2040475463864,0.4950790405273437,0.43982397260962885,-0.05525506791771484,6175411712.0,6976302778.453354,800891066.4533539
RandomForest,leave_one_pair_out_boundary_audit,MMCELP4_INCONEL718_TI6AL4V_V02,Inconel718->Ti6Al4V,Inconel718,Ti6Al4V,630.0,2,,PASS_CEL_P4_CASE,False,128.2459746782076,85.91355014512034,-42.33242453308726,23.25385311384998,29.799146342445756,6.545293228595774,0.2016117832681629,0.1324407611870506,-0.06917102208111231,0.6247341632843018,0.8976564851403255,0.2729223218560237,0.1369559317827224,0.09134690616047034,-0.04560902562225205,625.3604736328125,741.7626305135091,116.40215688069657,1288.851806640625,763.3200344848633,-525.5317721557617,0.668491600954681,0.47881505336536434,-0.18967654758931662,9216011264.0,7626094096.21334,-1589917167.7866602
RandomForest,leave_one_pair_out_boundary_audit,MMCELP4_INCONEL718_TI6AL4V_V03,Inconel718->Ti6Al4V,Inconel718,Ti6Al4V,695.0,3,,PASS_CEL_P4_CASE,False,144.67032688755506,93.36310072068794,-51.307226166867125,23.81344984629612,31.84237006012303,8.028920213826911,0.2348593443457503,0.14933082366042033,-0.08552852068532996,0.6454243659973145,0.9600545293092724,0.3146301633119579,0.1811950802803039,0.10986528718145597,-0.07132979309884793,634.4721069335938,779.0407983907064,144.56869145711266,1579.49072265625,870.0985070800779,-709.3922155761721,0.8192379266889264,0.5256564840271621,-0.2935814426617642,7953964032.0,7922369971.626675,-31594060.373325348
RandomForest,leave_one_pair_out_boundary_audit,MMCELP4_INCONEL718_TI6AL4V_V04,Inconel718->Ti6Al4V,Inconel718,Ti6Al4V,760.0,4,,PASS_CEL_P4_CASE,False,159.13038300074746,105.77348334124358,-53.35689965950388,24.394237778143182,32.426819473471774,8.032581695328592,0.2725175909290556,0.1695372009256365,-0.10298039000341908,0.6580291986465454,1.002330141961573,0.3443009433150277,0.2290190160274505,0.13419279572553935,-0.09482622030191115,645.3873291015625,828.5999120076493,183.21258290608682,1764.7451171875,1011.5589755757658,-753.1861416117342,0.9153242309063796,0.5891542343493776,-0.32616999655700196,8390772224.0,8811664952.319998,420892728.3199978
RandomForest,leave_one_pair_out_boundary_audit,MMCELP4_INCONEL718_TI6AL4V_V05,Inconel718->Ti6Al4V,Inconel718,Ti6Al4V,825.0,5,NEAR_MELT_REVIEW,PASS_CEL_P4_CASE,True,172.07365212842308,126.69204080531016,-45.38161132311292,25.54410243478586,32.958667038754065,7.414564603968206,0.3120392284472473,0.18473279526081854,-0.12730643318642876,0.7125493288040161,1.0318784744540843,0.3193291456500682,0.274111807346344,0.15042295444601517,-0.12368885290032883,680.6773681640625,907.0990961710604,226.4217280069979,1844.2757568359373,1228.7267692565924,-615.5489875793448,0.9565745626742416,0.6879266213044108,-0.2686479413698307,9630139392.0,10624004206.933332,993864814.9333324
RandomForest,leave_one_pair_out_boundary_audit,MMCELP4_INCONEL718_TI6AL4V_V06,Inconel718->Ti6Al4V,Inconel718,Ti6Al4V,890.0,6,NEAR_MELT_REVIEW,PASS_CEL_P4_CASE,False,181.9397083564696,147.0114742320424,-34.928234124427206,27.24169049305159,34.26253713011579,7.020846637064199,0.3522172119119204,0.2061695879964039,-0.1460476239155165,0.7604994177818298,1.0879198449850058,0.327420427203176,0.3204774260520935,0.1771623259813831,-0.1433151000707104,754.5037231445312,988.8340458679182,234.33032272338698,1885.7010498046875,1449.6326487223337,-436.06840108235383,0.9780607104796096,0.7958648099827329,-0.18219590049687673,11775314944.0,12705955240.533346,930640296.5333462
RandomForest,leave_one_pair_out_boundary_audit,MMCELP4_INCONEL718_TI6AL4V_V07,Inconel718->Ti6Al4V,Inconel718,Ti6Al4V,955.0,7,NEAR_MELT_REVIEW,PASS_CEL_P4_CASE,False,193.4685014373763,156.8214177674164,-36.6470836699599,28.959277781567938,35.10484849611261,6.145570714544672,0.3923467374988831,0.21908051990067176,-0.17326621759821134,0.8333325982093811,1.123295620481172,0.2899630222717908,0.3660039603710174,0.19510274250370752,-0.17090121786730988,837.5016479492188,1034.6384628804508,197.13681493123204,1916.6739501953125,1551.961653340661,-364.7122968546514,0.9941254928398924,0.8468042835564733,-0.14732120928341907,11744952320.0,13248105726.720015,1503153406.7200146
RandomForest,leave_one_pair_out_boundary_audit,MMCELP4_INCONEL718_TI6AL4V_V08,Inconel718->Ti6Al4V,Inconel718,Ti6Al4V,1020.0,8,NEAR_MELT_REVIEW,PASS_CEL_P4_CASE,False,202.48943781615736,165.90971889064565,-36.57971892551171,30.89819686722632,36.109001216804856,5.2108043495785346,0.4314097895985469,0.2385319101525358,-0.19287787944601112,0.914595067501068,1.168301731944083,0.25370666444301493,0.415949136018753,0.22221955216334513,-0.19372958385540787,944.4088134765624,1088.5934774271645,144.18466395060216,1920.986328125,1620.3540972900428,-300.6322308349572,0.996362203384336,0.8795428003003999,-0.11681940308393612,17899638784.0,13943116458.239998,-3956522325.760002
RandomForest,leave_one_pair_out_boundary_audit,MMCELP4_INCONEL718_TI6AL4V_V09,Inconel718->Ti6Al4V,Inconel718,Ti6Al4V,1085.0,9,NEAR_MELT_REVIEW,PASS_CEL_P4_CASE,False,210.670040623692,170.39012619817169,-40.2799144255203,32.61029667907848,36.97081086127807,4.360514182199587,0.4715891918749548,0.25062886883612595,-0.22096032303882884,1.0084296464920044,1.204038289884725,0.19560864339272066,0.4624225199222564,0.23997564708814026,-0.22244687283411615,942.8836059570312,1128.5343988545753,185.65079289754408,1922.873779296875,1643.055837097169,-279.81794219970607,0.9973411718344788,0.8916398594174655,-0.1057013124170133,12018502656.0,14024599974.826675,2006097318.8266754
RandomForest,leave_one_pair_out_boundary_audit,MMCELP4_INCONEL718_TI6AL4V_V10,Inconel718->Ti6Al4V,Inconel718,Ti6Al4V,1150.0,10,PEEQ_MAX_REVIEW;NEAR_MELT_REVIEW,PASS_CEL_P4_CASE,True,216.35016608831003,173.32045959438187,-43.02970649392816,34.31058000296023,37.44742812552757,3.1368481225673435,0.5093639265396632,0.26079692177063374,-0.2485670047690295,1.1144793033599854,1.2320902984340987,0.11761099507411332,0.5108830332756042,0.25472606424863153,-0.2561569690269727,1031.7933349609375,1152.9391085306809,121.14577356974337,1927.9344482421875,1655.873517252609,-272.06093098957854,0.999966000125616,0.898759953658111,-0.10120604646750497,16359011328.0,14550693704.960005,-1808317623.0399952
RandomForest,leave_one_pair_out_boundary_audit,MMCELP4_TI6AL4V_TI6AL4V_V00,Ti6Al4V->Ti6Al4V,Ti6Al4V,Ti6Al4V,500.0,0,,PASS_CEL_P4_CASE,True,85.29434884584396,80.82133154421471,-4.473017301629241,17.04523574545537,25.310261108517338,8.26502536306197,0.0724238134353072,0.16057375338505137,0.08814993994974417,0.512882649898529,0.7465819922089548,0.23369934231042577,0.0239270739257335,0.10618798820767608,0.08226091428194258,663.1607666015625,569.7116840616861,-93.44908253987637,525.1722412109375,767.4438746643063,242.27163345336885,0.343963053216578,0.45148911641731154,0.10752606320073355,6963420672.0,6309906295.466683,-653514376.5333166
RandomForest,leave_one_pair_out_boundary_audit,MMCELP4_TI6AL4V_TI6AL4V_V01,Ti6Al4V->Ti6Al4V,Ti6Al4V,Ti6Al4V,565.0,1,,PASS_CEL_P4_CASE,False,90.67398857115738,86.90734070068865,-3.7666478704687307,20.14153517025823,26.393258767661344,6.251723597403114,0.0856950555316871,0.174978363372702,0.0892833078410149,0.582818865776062,0.7801862130562439,0.1973673472801819,0.0355393849313259,0.12301161120024845,0.08747222626892255,723.3856811523438,582.5396761067708,-140.84600504557295,610.9144897460938,840.4587402852375,229.54425053914372,0.3752000420914646,0.49101669771525636,0.11581665562379173,6705716736.0,6783717649.066684,78000913.06668377
RandomForest,leave_one_pair_out_boundary_audit,MMCELP4_TI6AL4V_TI6AL4V_V02,Ti6Al4V->Ti6Al4V,Ti6Al4V,Ti6Al4V,630.0,2,,PASS_CEL_P4_CASE,False,97.08379274250284,97.8185631483797,0.7347704058768585,22.922535011629986,27.71241645710515,4.789881445475164,0.1017550857795868,0.20101282887784055,0.09925774309825375,0.64458829164505,0.8256271541118612,0.1810388624668111,0.0482398495078086,0.15509061342571015,0.10685076391790155,780.3802490234375,597.4399794514973,-182.94026957194023,726.669189453125,1016.7176537577313,290.04846430460634,0.4047615399499157,0.5847944949687317,0.180032955018816,7745701888.0,8250007114.23999,504305226.23999023
RandomForest,leave_one_pair_out_boundary_audit,MMCELP4_TI6AL4V_TI6AL4V_V03,Ti6Al4V->Ti6Al4V,Ti6Al4V,Ti6Al4V,695.0,3,,PASS_CEL_P4_CASE,False,107.24120577246474,105.56884376912589,-1.672362003338847,25.242919957946413,28.478896983465305,3.235977025518892,0.1193444131786236,0.2291526788970564,0.1098082657184328,0.7204343676567078,0.8699568231900539,0.1495224555333461,0.0629952102899551,0.1935223124416861,0.13052710215173102,843.3167114257812,608.6099433898924,-234.7067680358889,900.1910400390625,1154.9223861185699,254.73134607950738,0.4669040664103021,0.6593475323876729,0.19244346597737078,6879916032.0,8400713695.146667,1520797663.1466665
RandomForest,leave_one_pair_out_boundary_audit,MMCELP4_TI6AL4V_TI6AL4V_V04,Ti6Al4V->Ti6Al4V,Ti6Al4V,Ti6Al4V,760.0,4,,PASS_CEL_P4_CASE,False,122.44707273115505,125.47214249312393,3.0250697619688793,27.00444640128679,27.647268204294623,0.6428218030078341,0.1378610886604292,0.2794836142167393,0.14162252555631008,0.7867133617401123,0.8806384181976337,0.09392505645752136,0.0810173749923706,0.25882795832507927,0.17781058333270866,895.3693237304688,632.7249340311687,-262.64438969930006,1074.137939453125,1408.35913848877,334.221199035645,0.5571254872682183,0.7806297161137924,0.22350422884557408,7307118592.0,9192535079.680002,1885416487.6800022
RandomForest,leave_one_pair_out_boundary_audit,MMCELP4_TI6AL4V_TI6AL4V_V05,Ti6Al4V->Ti6Al4V,Ti6Al4V,Ti6Al4V,825.0,5,,PASS_CEL_P4_CASE,True,141.05559194135768,138.5961263328367,-2.4594656085209863,28.47290050536442,27.8128873814837,-0.6600131238807201,0.1568954212416429,0.30738744047008965,0.15049201922844674,0.8462955951690674,0.8911128013332705,0.04481720616420315,0.1022872254252433,0.29182545708337176,0.18953823165812847,945.1976318359376,654.5016717020671,-290.69596013387047,1304.084228515625,1542.9259231058786,238.8416945902536,0.6763922347072744,0.8451538495060175,0.16876161479874308,10485992448.0,9907724791.893335,-578267656.1066647
RandomForest,leave_one_pair_out_boundary_audit,MMCELP4_TI6AL4V_TI6AL4V_V06,Ti6Al4V->Ti6Al4V,Ti6Al4V,Ti6Al4V,890.0,6,,PASS_CEL_P4_CASE,False,157.18767782435762,149.09528395570777,-8.09239386864985,29.938133373791583,28.882993894302132,-1.0551394794894513,0.1774288284650538,0.34184851892481066,0.16441969045975685,0.9101993441581726,0.9318969208002081,0.021697576642035532,0.1272137314081192,0.33252629093204916,0.20531255952392996,999.1552734375,699.9774599711101,-299.1778134663899,1526.3358154296875,1619.3631463114466,93.0273308817591,0.7916679540610412,0.8839739750739215,0.09230602101288032,13062705152.0,11047518390.186666,-2015186761.8133335
RandomForest,leave_one_pair_out_boundary_audit,MMCELP4_TI6AL4V_TI6AL4V_V07,Ti6Al4V->Ti6Al4V,Ti6Al4V,Ti6Al4V,955.0,7,,PASS_CEL_P4_CASE,False,170.2306314446482,156.61363836433225,-13.61699308031595,31.48063364187899,29.734497822312715,-1.7461358195662733,0.196910259546712,0.3640356488403997,0.16712538929368767,0.9698036313056946,0.9596303714315084,-0.010173259874186158,0.1562209278345108,0.3574624413096653,0.2012415134751545,1060.16259765625,739.8576826477049,-320.3049150085451,1693.6983642578125,1661.0498827107776,-32.64848154703486,0.8784742553204422,0.9041133854954687,0.025639130175026503,12870937600.0,11669801731.84,-1201135868.1599998
RandomForest,leave_one_pair_out_boundary_audit,MMCELP4_TI6AL4V_TI6AL4V_V08,Ti6Al4V->Ti6Al4V,Ti6Al4V,Ti6Al4V,1020.0,8,,PASS_CEL_P4_CASE,False,182.6187318186088,164.58991887873105,-18.028812939877753,33.117244925027926,31.021983347856377,-2.0952615771715486,0.2188415237469598,0.39840241194421344,0.17956088819725363,1.0329302549362185,1.0223007004459703,-0.010629554490248161,0.1860433369874954,0.3995931202856202,0.21354978329812482,1122.079833984375,801.9194736226411,-320.16036036173386,1765.745361328125,1683.8798518880255,-81.86550944009946,0.9158430297345048,0.9161300264862005,0.000286996751695634,14642691072.0,13584449091.839998,-1058241980.1600018
RandomForest,leave_one_pair_out_boundary_audit,MMCELP4_TI6AL4V_TI6AL4V_V09,Ti6Al4V->Ti6Al4V,Ti6Al4V,Ti6Al4V,1085.0,9,,PASS_CEL_P4_CASE,False,190.40004138669616,169.00043874610492,-21.39960264059124,34.80175800244122,31.86546596237302,-2.9362920400681993,0.2408290492894593,0.41929949361474456,0.17847044432528525,1.0958409309387207,1.0682383141915008,-0.027602616747219866,0.2192915827035904,0.4248064390275005,0.2055148563239101,1204.4371337890625,824.3119408671071,-380.12519292195543,1802.181640625,1691.3258582560243,-110.85578236897572,0.9347415148469918,0.9201758906441814,-0.014565624202810379,13853271040.0,13085740792.746662,-767530247.2533379
RandomForest,leave_one_pair_out_boundary_audit,MMCELP4_TI6AL4V_TI6AL4V_V10,Ti6Al4V->Ti6Al4V,Ti6Al4V,Ti6Al4V,1150.0,10,NEAR_MELT_REVIEW,PASS_CEL_P4_CASE,True,200.1962698268956,173.43526517501837,-26.761004651877215,36.517377642737,32.68901186108525,-3.8283657816517547,0.264530553977238,0.44125962579073563,0.17672907181349762,1.1649948358535769,1.1144254922866823,-0.050569343566894576,0.2522788345813751,0.4518655709906785,0.19958673640930336,1277.01123046875,861.9767118835458,-415.0345185852042,1843.3641357421875,1703.0395610046412,-140.3245747375463,0.9561017301567364,0.926424827892821,-0.029676902263915395,15595612160.0,14065297080.746664,-1530315079.253336
ExtraTrees,pair_aware_velocity_interpolation,MMCELP4_AL6061_SS304_V00,Al6061->SS304,Al6061,SS304,500.0,0,,PASS_CEL_P4_CASE,True,18.043974421140515,21.599641379016816,3.5556669578763014,45.920668854891936,50.085301061109035,4.1646322062170995,0.0242738747147086,0.026883756646608775,0.0026098819319001765,1.668180227279663,1.7871098797023377,0.11892965242267461,0.0046868380159139,0.00602847200177975,0.00134163398586585,573.2646484375,581.4446756744377,8.18002723693769,346.1105651855469,351.0788140487673,4.968248863220424,0.6197455658783784,0.6284822057911801,0.008736639912801714,4404755456.0,4576966886.399937,172211430.39993668
ExtraTrees,pair_aware_velocity_interpolation,MMCELP4_AL6061_SS304_V01,Al6061->SS304,Al6061,SS304,522.5,1,,PASS_CEL_P4_CASE,False,21.591865991018583,22.475468616115876,0.8836026250972928,50.10490815246885,50.0276788621902,-0.07722929027865177,0.0266323650066624,0.027013443451550545,0.00038107844488814366,1.7879618406295776,1.7386843365430795,-0.049277504086498114,0.005771396216005,0.005856703134482777,8.530691847777674e-05,581.5857543945312,580.854388275148,-0.7313661193832104,350.8030090332031,351.82209228516547,1.0190832519623427,0.628741356102196,0.6279506900271853,-0.0007906660750106598,4573826560.0,4435692003.840009,-138134556.15999126
ExtraTrees,pair_aware_velocity_interpolation,MMCELP4_AL6061_SS304_V02,Al6061->SS304,Al6061,SS304,545.0,2,,PASS_CEL_P4_CASE,False,26.525303023965247,27.124548845398607,0.5992458214333602,53.78097508895565,53.88551675288461,0.10454166392896269,0.0295170684694312,0.029212992404836935,-0.0003040760645942643,1.8031163215637207,1.7190200090408294,-0.08409631252289129,0.0069258143194019,0.007012827084981493,8.701276557959367e-05,587.7904663085938,580.8156653594967,-6.974800949097016,357.0417175292969,357.83906219483083,0.7973446655339558,0.6354491527660473,0.6279088274156733,-0.0075403253503739665,4463964160.0,4727103530.880086,263139370.88008595
ExtraTrees,pair_aware_velocity_interpolation,MMCELP4_AL6061_SS304_V03,Al6061->SS304,Al6061,SS304,567.5,3,,PASS_CEL_P4_CASE,False,32.4137395448175,31.971028010543,-0.44271153427450116,57.49974160071498,57.3077579244695,-0.19198367624547785,0.0316800469590816,0.0318479911754824,0.00016794421640079632,1.653112292289734,1.7841974139213592,0.1310851216316251,0.0081996228545904,0.008154744141502995,-4.487871308740503e-05,580.0794677734375,586.174178314207,6.0947105407694835,364.5654602050781,363.5696810913038,-0.995779113774347,0.6271129381334459,0.6337018143937397,0.006588876260293808,4873634816.0,4759083819.5199585,-114550996.4800415
ExtraTrees,pair_aware_velocity_interpolation,MMCELP4_AL6061_SS304_V04,Al6061->SS304,Al6061,SS304,590.0,4,,PASS_CEL_P4_CASE,False,38.05064691090263,37.571401791539756,-0.4792451193628722,61.24506574612736,61.00747551183012,-0.2375902342972367,0.034450238217687,0.03482961281520164,0.00037937459751463676,1.7630763053894043,1.7595203652977984,-0.003555940091605869,0.0095267239958047,0.009717254899444638,0.00019053090363993844,584.3697509765625,585.2562683105456,0.886517333983079,370.8575134277344,370.8777591705302,0.020245742795850674,0.6317510821368243,0.6327094792546454,0.0009583971178210859,5088556032.0,5328374540.800004,239818508.800004
ExtraTrees,pair_aware_velocity_interpolation,MMCELP4_AL6061_SS304_V05,Al6061->SS304,Al6061,SS304,612.5,5,,PASS_CEL_P4_CASE,False,42.47747075793358,41.28460324048969,-1.1928675174438936,64.34410045167118,64.00681614838061,-0.33728430329057346,0.0378255413124861,0.03774981786648077,-7.572344600532965e-05,1.8607378005981443,1.841891279220579,-0.018846521377565262,0.0111608561128377,0.011157529685877576,-3.3264269601231827e-06,590.1805419921875,590.537862243652,0.3573202514644436,376.8821411132813,377.10399669647404,0.22185558319273468,0.6380330183699324,0.6384193105336781,0.00038629216374563846,5760931840.0,5555123644.15998,-205808195.84002018
ExtraTrees,pair_aware_velocity_interpolation,MMCELP4_AL6061_SS304_V06,Al6061->SS304,Al6061,SS304,635.0,6,,PASS_CEL_P4_CASE,False,44.56743548437754,43.000463127925656,-1.5669723564518847,66.81030585142365,66.67966687164234,-0.13063897978130967,0.041099265217781,0.04063041797621464,-0.0004688472415663586,1.9218974113464355,1.9003529325127626,-0.021544478833672942,0.0128129823133349,0.012852684825196997,3.9702511862096945e-05,596.7991943359375,596.4307537841794,-0.36844055175811263,383.4448852539063,385.12161987304887,1.6767346191425645,0.6451883182010135,0.644790004091005,-0.00039831411000856853,6028742656.0,6288781638.399979,260038982.39997864
ExtraTrees,pair_aware_velocity_interpolation,MMCELP4_AL6061_SS304_V07,Al6061->SS304,Al6061,SS304,657.5,7,,PASS_CEL_P4_CASE,False,43.51825159373853,42.3487788919816,-1.1694727017569306,68.99199382474796,68.93334947124669,-0.058644353501279056,0.0434073854194139,0.044193534449731925,0.0007861490303180257,1.939573884010315,1.9260213994979871,-0.013552484512327823,0.0145276794210076,0.014648130307905433,0.00012045088689783233,602.6187744140625,605.0608636474609,2.4420892333984057,393.2791137695313,391.50739334106095,-1.7717204284703598,0.6514797561233108,0.6541198525918493,0.0026400964685385775,6811379200.0,6792720747.520008,-18658452.479991913
ExtraTrees,pair_aware_velocity_interpolation,MMCELP4_AL6061_SS304_V08,Al6061->SS304,Al6061,SS304,680.0,8,,PASS_CEL_P4_CASE,False,40.17405609349533,39.6199254685338,-0.5541306249615303,71.01435262335012,70.99517916370257,-0.01917345964754702,0.0472265310236252,0.047070607797649766,-0.00015592322597543506,1.9300637245178225,1.9656866300106017,0.035622905492779244,0.0164469387382268,0.01658290601335552,0.00013596727512871915,613.158935546875,618.1482495117185,4.989313964843518,399.4102478027344,399.78052429199226,0.3702764892578898,0.6628745249155406,0.6682683778505067,0.005393852934966192,7541570560.0,7406650286.0799885,-134920273.92001152
ExtraTrees,pair_aware_velocity_interpolation,MMCELP4_AL6061_SS304_V09,Al6061->SS304,Al6061,SS304,702.5,9,,PASS_CEL_P4_CASE,False,35.874474877651444,36.09309552832587,0.21862065067442416,72.91980821485562,72.61155336797016,-0.3082548468854611,0.0505901743963477,0.050267168614935825,-0.0003230057814118739,1.9907753467559812,2.055305855274194,0.06453050851821263,0.0185575354844331,0.01845609684008903,-0.00010143864434406999,633.0687255859375,626.3249214172362,-6.743804168701331,406.0269775390625,408.5981607818594,2.5711832427969057,0.6843986222550675,0.6771080231537688,-0.0072905991012987,7978577408.0,7893868985.600029,-84708422.39997101
ExtraTrees,pair_aware_velocity_interpolation,MMCELP4_AL6061_SS304_V10,Al6061->SS304,Al6061,SS304,725.0,10,,PASS_CEL_P4_CASE,True,31.444728681368595,35.874474877650854,4.4297461962822595,74.430824804356,72.91980821485495,-1.5110165895010539,0.0537305686520994,0.05059017439634658,-0.0031403942557528194,2.1979613304138184,1.990775346755978,-0.20718598365784047,0.0207446031272411,0.018557535484429538,-0.002187067642811562,641.3214721679688,633.0687255859377,-8.252746582031023,419.06353759765625,406.02697753907046,-13.036560058585792,0.6933205104518582,0.6843986222550675,-0.008921888196790628,8295150080.0,7978577407.999975,-316572672.0000248
ExtraTrees,pair_aware_velocity_interpolation,MMCELP4_CU_CU_V00,Cu->Cu,Cu,Cu,300.0,0,,PASS_CEL_P4_CASE,True,23.451065782531632,27.79662561406853,4.3455598315368995,30.97533646372405,34.45844924734869,3.4831127836246374,0.1769557820807676,0.22724289368625228,0.050287111605484686,0.9555360078811646,1.1080970206856706,0.15256101280450607,0.1418847292661667,0.2109178732649892,0.06903314399882252,433.5928039550781,469.00493576049575,35.41213180541763,490.9577941894531,570.8954114532436,79.93761726379046,0.3620632700512191,0.4219394079113909,0.05987613786017182,4025972992.0,7079807027.20004,3053834035.20004
ExtraTrees,pair_aware_velocity_interpolation,MMCELP4_CU_CU_V01,Cu->Cu,Cu,Cu,355.0,1,,PASS_CEL_P4_CASE,False,27.812176390067144,26.158084282213082,-1.654092107854062,34.41923506462904,34.202014389708395,-0.21722067492064667,0.2277456769661512,0.22713178527737904,-0.0006138916887721557,1.1063930988311768,1.106910353600976,0.0005172547697991359,0.2114320248365402,0.2101710391417146,-0.001260985694825606,468.7227783203125,471.84210151672426,3.119323196411756,571.447021484375,560.5746799469023,-10.872341537472721,0.4214211072893621,0.4134031563030251,-0.008017950986337008,7086087680.0,8814158165.11998,1728070485.1199799
ExtraTrees,pair_aware_velocity_interpolation,MMCELP4_CU_CU_V02,Cu->Cu,Cu,Cu,410.0,2,,PASS_CEL_P4_CASE,False,29.120214472964573,29.323262355891444,0.20304788292687093,37.73277714641386,37.47628264383334,-0.25649450258051587,0.2820364170474931,0.28103035262461146,-0.0010060644228816473,1.272550344467163,1.2636094518005845,-0.008940892666578604,0.2848927080631256,0.28609917776368143,0.0012064697005558234,513.696044921875,508.74036521911535,-4.955679702759653,636.7523193359375,627.0091504287684,-9.743168907169093,0.4695813564424317,0.4628586749749782,-0.0067226814674535285,14053585920.0,8042815649.280018,-6010770270.719982
ExtraTrees,pair_aware_velocity_interpolation,MMCELP4_CU_CU_V03,Cu->Cu,Cu,Cu,465.0,3,,PASS_CEL_P4_CASE,False,30.943849284549174,31.330748496758986,0.38689921220981205,40.681998957091935,39.936455538208975,-0.7455434188829599,0.3381293208803981,0.33906200314959284,0.0009326822691947401,1.4287939071655271,1.4227897781133636,-0.0060041290521635204,0.3659149706363678,0.37029575645923574,0.004380785822867939,550.9423828125,549.4208187866202,-1.5215640258797976,686.5767822265625,686.9117279052716,0.3349456787091185,0.5063250606390579,0.5065720707266015,0.00024701008754357545,9065197568.0,12160352716.799986,3095155148.799986
ExtraTrees,pair_aware_velocity_interpolation,MMCELP4_CU_CU_V04,Cu->Cu,Cu,Cu,520.0,4,,PASS_CEL_P4_CASE,False,33.49750956958791,33.29369766365307,-0.20381190593484177,42.096496734127015,41.04023056272278,-1.056266171404232,0.3949583697249181,0.3925187567347185,-0.0024396129901996244,1.5700541734695437,1.55918247818947,-0.01087169528007359,0.4540076553821563,0.4520912517979758,-0.0019164035841804927,584.4381713867188,574.6394247436522,-9.798746643066579,736.077880859375,730.9680842590328,-5.109796600342179,0.5428302956190081,0.539062009040583,-0.003768286578425095,10304609280.0,11690248309.760027,1385639029.760027
ExtraTrees,pair_aware_velocity_interpolation,MMCELP4_CU_CU_V05,Cu->Cu,Cu,Cu,575.0,5,,PASS_CEL_P4_CASE,True,35.87791412256284,35.813765272287014,-0.06414885027582784,41.43419130487329,40.231351097106845,-1.2028402077664424,0.4523328607319854,0.4562711515973205,0.003938290865335092,1.70257568359375,1.6944329807162335,-0.008142702877516506,0.5468625426292419,0.5524485047906624,0.005585962161420488,600.699951171875,598.3824951171865,-2.3174560546884777,779.786865234375,772.3901622009258,-7.396703033449171,0.5750640599073562,0.5696092641599756,-0.005454795747380614,14577115136.0,13459550830.07999,-1117564305.9200096
ExtraTrees,pair_aware_velocity_interpolation,MMCELP4_CU_CU_V06,Cu->Cu,Cu,Cu,630.0,6,,PASS_CEL_P4_CASE,False,37.84728553709725,37.48079640513798,-0.3664891319592698,38.59387581953518,37.87560127760023,-0.7182745419349459,0.5100997441331856,0.5107417133785973,0.000641969245411711,1.8036293983459477,1.799197704493999,-0.004431693851948637,0.6388731002807617,0.6435437794029732,0.00467067912221153,610.6246948242188,612.2668823242194,1.6421875000006594,804.2699584960938,802.5048650360118,-1.765093460081971,0.5931194384189482,0.591817747076704,-0.0013016913422442267,16229382144.0,16237514342.400002,8132198.400001526
ExtraTrees,pair_aware_velocity_interpolation,MMCELP4_CU_CU_V07,Cu->Cu,Cu,Cu,685.0,7,,PASS_CEL_P4_CASE,False,39.07568426236323,39.340216490057486,0.26453222769425366,34.334759829016825,34.08140948049941,-0.2533503485174151,0.5688592500519007,0.5699646987523013,0.0011054487004005242,1.8953378200531008,1.8878682440519405,-0.007469576001160272,0.7397428154945374,0.7381121730804512,-0.0016306424140861697,623.776123046875,620.9442549133303,-2.831868133544731,825.1095581054688,827.080311737061,1.970753631592288,0.6084878747090477,0.6099412328444396,0.0014533581353918246,17889632256.0,17027657149.440054,-861975106.5599461
ExtraTrees,pair_aware_velocity_interpolation,MMCELP4_CU_CU_V08,Cu->Cu,Cu,Cu,740.0,8,,PASS_CEL_P4_CASE,False,40.81829240866014,40.12140602241506,-0.6968863862450831,29.61384330404108,30.321266159255877,0.7074228552147979,0.6292339821811765,0.6230813887668816,-0.006152593414294971,1.971268892288208,1.9700843334198002,-0.0011845588684078479,0.8363637924194336,0.8298454850912039,-0.006518307328229667,631.1611328125,635.1668304443374,4.005697631837393,849.6636962890625,847.6663574218762,-1.9973388671862722,0.626595646230872,0.6251226824645094,-0.0014729637663626338,17817989120.0,17984827084.79999,166837964.7999916
ExtraTrees,pair_aware_velocity_interpolation,MMCELP4_CU_CU_V09,Cu->Cu,Cu,Cu,795.0,9,,PASS_CEL_P4_CASE,False,41.39951039581093,40.734439441766284,-0.6650709540446442,25.415885007325752,25.622495015447807,0.20661000812205543,0.6893528916407377,0.6924539902684012,0.003101098627663501,2.06144118309021,2.059785187244424,-0.001655995845785796,0.9399709701538086,0.9401827782392475,0.0002118080854388582,649.0888061523438,649.7368209838871,0.648014831543378,875.2357788085938,876.7581054687498,1.522326660156068,0.6454541141656296,0.6465767739445059,0.0011226597788762671,18101176320.0,19611202303.999973,1510025983.9999733
ExtraTrees,pair_aware_velocity_interpolation,MMCELP4_CU_CU_V10,Cu->Cu,Cu,Cu,850.0,10,,PASS_CEL_P4_CASE,True,40.65857247172016,41.39951039581113,0.7409379240909644,22.011275135291985,25.415885007325755,3.4046098720337703,0.7496530452044681,0.6893528916407474,-0.06030015356372065,2.13987135887146,2.061441183090217,-0.0784301757812429,1.0341142416000366,0.939970970153796,-0.09414327144624057,666.5433959960938,649.0888061523441,-17.45458984374966,901.2720947265624,875.2357788085949,-26.0363159179675,0.6646549371139842,0.6454541141656303,-0.0192008229483539,21233633280.0,18101176319.99992,-3132456960.00008
ExtraTrees,pair_aware_velocity_interpolation,MMCELP4_INCONEL718_TI6AL4V_V00,Inconel718->Ti6Al4V,Inconel718,Ti6Al4V,500.0,0,,PASS_CEL_P4_CASE,True,90.86814415582845,109.12602327563877,18.257879119810326,20.313833565569617,22.170933113549264,1.8570995479796473,0.1427842471457552,0.16880431089703143,0.026020063751276246,0.5455921292304993,0.6033890990913034,0.05779696986080418,0.0747755840420723,0.09984700866043358,0.025071424618361288,578.3363647460938,616.4453178405782,38.10895309448449,744.9688720703125,945.9316081237795,200.96273605346698,0.3863946431899961,0.49200407930429735,0.10560943611430124,5901877248.0,6197794988.800031,295917740.8000307
ExtraTrees,pair_aware_velocity_interpolation,MMCELP4_INCONEL718_TI6AL4V_V01,Inconel718->Ti6Al4V,Inconel718,Ti6Al4V,565.0,1,,PASS_CEL_P4_CASE,False,109.5983702402537,110.89258197860799,1.2942117383542922,22.206872388233226,22.40545020923941,0.19857782100618593,0.1710305878077633,0.164786832658593,-0.006243755149170305,0.60349440574646,0.6084554993361224,0.0049610935896624575,0.1015675291419029,0.100914630591868,-0.0006528985500348916,612.9817504882812,644.1344589996339,31.15270851135267,954.5123901367188,1017.3603074645996,62.84791732788085,0.4950790405273437,0.5308802278605742,0.03580118733323051,6175411712.0,7784178456.3200035,1608766744.3200035
ExtraTrees,pair_aware_velocity_interpolation,MMCELP4_INCONEL718_TI6AL4V_V02,Inconel718->Ti6Al4V,Inconel718,Ti6Al4V,630.0,2,,PASS_CEL_P4_CASE,False,128.2459746782076,127.34582328044965,-0.900151397757952,23.25385311384998,23.458289389433325,0.20443627558334398,0.2016117832681629,0.19697339669164657,-0.004638386576516329,0.6247341632843018,0.6419880663603532,0.017253903076051458,0.1369559317827224,0.13675584146752945,-0.00020009031519294118,625.3604736328125,654.3297581481937,28.96928451538122,1288.851806640625,1263.0374250793438,-25.814381561281152,0.668491600954681,0.6551023989000756,-0.013389202054605365,9216011264.0,7191059338.239994,-2024951925.760006
ExtraTrees,pair_aware_velocity_interpolation,MMCELP4_INCONEL718_TI6AL4V_V03,Inconel718->Ti6Al4V,Inconel718,Ti6Al4V,695.0,3,,PASS_CEL_P4_CASE,False,144.67032688755506,143.61384423968613,-1.0564826478689326,23.81344984629612,24.048654436946833,0.23520459065071364,0.2348593443457503,0.23613271225713098,0.0012733679113806906,0.6454243659973145,0.6523492411524024,0.006924875155087995,0.1811950802803039,0.1829883424192666,0.0017932621389626924,634.4721069335938,646.229668579102,11.757561645508304,1579.49072265625,1523.1977512359622,-56.29297142028781,0.8192379266889264,0.7906355326560806,-0.028602394032845813,7953964032.0,8823752176.640003,869788144.6400032
ExtraTrees,pair_aware_velocity_interpolation,MMCELP4_INCONEL718_TI6AL4V_V04,Inconel718->Ti6Al4V,Inconel718,Ti6Al4V,760.0,4,,PASS_CEL_P4_CASE,False,159.13038300074746,157.3752337070971,-1.755149293650362,24.394237778143182,24.83868279915743,0.4444450210142463,0.2725175909290556,0.27506525884746263,0.0025476679184070483,0.6580291986465454,0.6909956851601625,0.03296648651361711,0.2290190160274505,0.23090807734988625,0.0018890613224357422,645.3873291015625,660.2203950500491,14.833065948486592,1764.7451171875,1702.6883722686719,-62.056744918828144,0.9153242309063796,0.8846805594520416,-0.030643671454337995,8390772224.0,8886233957.120007,495461733.12000656
ExtraTrees,pair_aware_velocity_interpolation,MMCELP4_INCONEL718_TI6AL4V_V05,Inconel718->Ti6Al4V,Inconel718,Ti6Al4V,825.0,5,NEAR_MELT_REVIEW,PASS_CEL_P4_CASE,True,172.07365212842308,171.14700101425132,-0.9266511141717615,25.54410243478586,25.959467057799344,0.41536462301348465,0.3120392284472473,0.31339367510554467,0.0013544466582973702,0.7125493288040161,0.7149698051065242,0.002420476302508079,0.274111807346344,0.27603644585236914,0.0019246385060251447,680.6773681640625,706.9606367492675,26.28326858520495,1844.2757568359373,1826.163401031497,-18.112355804440313,0.9565745626742416,0.947180187256998,-0.009394375417243528,9630139392.0,10224166362.24,594026970.2399998
ExtraTrees,pair_aware_velocity_interpolation,MMCELP4_INCONEL718_TI6AL4V_V06,Inconel718->Ti6Al4V,Inconel718,Ti6Al4V,890.0,6,NEAR_MELT_REVIEW,PASS_CEL_P4_CASE,False,181.9397083564696,183.1004092330216,1.1607008765519993,27.24169049305159,27.31236536320492,0.0706748701533293,0.3522172119119204,0.35323782537943693,0.001020613467516529,0.7604994177818298,0.7751672903448357,0.014667872563005835,0.3204774260520935,0.3212941097468137,0.0008166836947202105,754.5037231445312,761.9912592315675,7.487536087036233,1885.7010498046875,1881.4691891479442,-4.231860656743265,0.9780607104796096,0.9758657620061983,-0.0021949484734112845,11775314944.0,10724081374.719997,-1051233569.2800026
ExtraTrees,pair_aware_velocity_interpolation,MMCELP4_INCONEL718_TI6AL4V_V07,Inconel718->Ti6Al4V,Inconel718,Ti6Al4V,955.0,7,NEAR_MELT_REVIEW,PASS_CEL_P4_CASE,False,193.4685014373763,192.03476295354056,-1.4337384838357252,28.959277781567938,29.037949249364953,0.07867146779701528,0.3923467374988831,0.3911205657004756,-0.001226171798407505,0.8333325982093811,0.8361989057064043,0.0028663074970232127,0.3660039603710174,0.367377903573215,0.0013739432021975806,837.5016479492188,847.7945987701416,10.292950820922897,1916.6739501953125,1903.0349427795336,-13.639007415778906,0.9941254928398924,0.9870513188690574,-0.007074173970834985,11744952320.0,14783889030.400085,3038936710.4000854
ExtraTrees,pair_aware_velocity_interpolation,MMCELP4_INCONEL718_TI6AL4V_V08,Inconel718->Ti6Al4V,Inconel718,Ti6Al4V,1020.0,8,NEAR_MELT_REVIEW,PASS_CEL_P4_CASE,False,202.48943781615736,201.81124794273927,-0.6781898734180913,30.89819686722632,30.730021946860578,-0.16817492036574322,0.4314097895985469,0.43077932787128015,-0.0006304617272667734,0.914595067501068,0.9182546666264482,0.003659599125380164,0.415949136018753,0.41276696175336847,-0.0031821742653845297,944.4088134765624,888.6118975830082,-55.79691589355423,1920.986328125,1919.6808673095725,-1.305460815427523,0.996362203384336,0.9956850971522675,-0.000677106232068514,17899638784.0,11877624232.959997,-6022014551.040003
ExtraTrees,pair_aware_velocity_interpolation,MMCELP4_INCONEL718_TI6AL4V_V09,Inconel718->Ti6Al4V,Inconel718,Ti6Al4V,1085.0,9,NEAR_MELT_REVIEW,PASS_CEL_P4_CASE,False,210.670040623692,209.10793556610946,-1.562105057582528,32.61029667907848,32.5276098145393,-0.08268686453918406,0.4715891918749548,0.46863288998793184,-0.0029563018870229496,1.0084296464920044,1.0100397901237004,0.0016101436316959816,0.4624225199222564,0.46128007195890103,-0.0011424479633553863,942.8836059570312,986.1349224853512,43.25131652831999,1922.873779296875,1924.3040554809536,1.4302761840785934,0.9973411718344788,0.9980830163282919,0.000741844493813093,12018502656.0,17163989173.759956,5145486517.759956
ExtraTrees,pair_aware_velocity_interpolation,MMCELP4_INCONEL718_TI6AL4V_V10,Inconel718->Ti6Al4V,Inconel718,Ti6Al4V,1150.0,10,PEEQ_MAX_REVIEW;NEAR_MELT_REVIEW,PASS_CEL_P4_CASE,True,216.35016608831003,210.67004062369284,-5.680125464617191,34.31058000296023,32.610296679078495,-1.7002833238817345,0.5093639265396632,0.4715891918749533,-0.03777473466470993,1.1144793033599854,1.0084296464920015,-0.10604965686798384,0.5108830332756042,0.46242251992225714,-0.04846051335334711,1031.7933349609375,942.8836059570281,-88.90972900390943,1927.9344482421875,1922.8737792968655,-5.06066894532205,0.999966000125616,0.9973411718344747,-0.0026248282911413012,16359011328.0,12018502656.000006,-4340508671.999994
ExtraTrees,pair_aware_velocity_interpolation,MMCELP4_TI6AL4V_TI6AL4V_V00,Ti6Al4V->Ti6Al4V,Ti6Al4V,Ti6Al4V,500.0,0,,PASS_CEL_P4_CASE,True,85.29434884584396,90.67398857115735,5.379639725313396,17.04523574545537,20.141535170258397,3.0962994248030284,0.0724238134353072,0.08569505553168788,0.013271242096380684,0.512882649898529,0.5828188657760637,0.06993621587753462,0.0239270739257335,0.03553938493132633,0.011612311005592828,663.1607666015625,723.3856811523436,60.224914550781136,525.1722412109375,610.914489746101,85.74224853516353,0.343963053216578,0.375200042091471,0.031236988874893012,6963420672.0,6705716736.000002,-257703935.9999981
ExtraTrees,pair_aware_velocity_interpolation,MMCELP4_TI6AL4V_TI6AL4V_V01,Ti6Al4V->Ti6Al4V,Ti6Al4V,Ti6Al4V,565.0,1,,PASS_CEL_P4_CASE,False,90.67398857115738,91.33322957649816,0.6592410053407747,20.14153517025823,20.060651101240033,-0.08088406901819667,0.0856950555316871,0.08801303848713588,0.002317982955448772,0.582818865776062,0.5800503578782087,-0.002768507897853323,0.0355393849313259,0.03677429263480039,0.0012349077034744943,723.3856811523438,721.8014099121094,-1.5842712402343295,610.9144897460938,629.629908752444,18.715419006350203,0.3752000420914646,0.37524260113348246,4.255904201783123e-05,6705716736.0,7349812954.880023,644096218.880023
ExtraTrees,pair_aware_velocity_interpolation,MMCELP4_TI6AL4V_TI6AL4V_V02,Ti6Al4V->Ti6Al4V,Ti6Al4V,Ti6Al4V,630.0,2,,PASS_CEL_P4_CASE,False,97.08379274250284,98.42210906835327,1.3383163258504283,22.922535011629986,22.52263749904037,-0.3998975125896145,0.1017550857795868,0.10149073794991592,-0.00026434782967088566,0.64458829164505,0.6470079379528666,0.0024196463078165475,0.0482398495078086,0.0484231986850471,0.00018334917723850097,780.3802490234375,779.1655191040035,-1.2147299194340349,726.669189453125,746.2191786956778,19.549989242552783,0.4047615399499157,0.4181068921781675,0.013345352228251783,7745701888.0,6786274276.480022,-959427611.5199776
ExtraTrees,pair_aware_velocity_interpolation,MMCELP4_TI6AL4V_TI6AL4V_V03,Ti6Al4V->Ti6Al4V,Ti6Al4V,Ti6Al4V,695.0,3,,PASS_CEL_P4_CASE,False,107.24120577246474,109.97486672562019,2.73366095315545,25.242919957946413,24.83470318595549,-0.4082167719909222,0.1193444131786236,0.12449490662902325,0.005150493450399654,0.7204343676567078,0.7113054277002758,-0.009128939956431936,0.0629952102899551,0.06912926447577836,0.0061340541858232595,843.3167114257812,823.5662509155267,-19.750460510254584,900.1910400390625,911.3804170227041,11.189376983641637,0.4669040664103021,0.4864490080916899,0.019544941681387817,6879916032.0,7571189459.839982,691273427.839982
ExtraTrees,pair_aware_velocity_interpolation,MMCELP4_TI6AL4V_TI6AL4V_V04,Ti6Al4V->Ti6Al4V,Ti6Al4V,Ti6Al4V,760.0,4,,PASS_CEL_P4_CASE,False,122.44707273115505,124.45069182895784,2.0036190978027975,27.00444640128679,26.547382426386424,-0.45706397490036466,0.1378610886604292,0.1500578364016283,0.012196747741199082,0.7867133617401123,0.7745942633599052,-0.012119098380207083,0.0810173749923706,0.0956879401206974,0.01467056512832679,895.3693237304688,860.9342973327639,-34.43502639770486,1074.137939453125,1132.0011879730232,57.86324851989821,0.5571254872682183,0.588680982535209,0.03155549526699064,7307118592.0,8734564811.519997,1427446219.5199966
ExtraTrees,pair_aware_velocity_interpolation,MMCELP4_TI6AL4V_TI6AL4V_V05,Ti6Al4V->Ti6Al4V,Ti6Al4V,Ti6Al4V,825.0,5,,PASS_CEL_P4_CASE,True,141.05559194135768,140.81093515174004,-0.24465678961763615,28.47290050536442,28.27577304223737,-0.1971274631270532,0.1568954212416429,0.1630389983574776,0.006143577115834686,0.8462955951690674,0.8395507507771222,-0.006744844391945226,0.1022872254252433,0.10974704571068203,0.007459820285438734,945.1976318359376,932.2600089263905,-12.937622909547144,1304.084228515625,1323.6421421814,19.557913665775004,0.6763922347072744,0.6865363807994794,0.010144146092205042,10485992448.0,10184840850.56,-301151597.44000053
ExtraTrees,pair_aware_velocity_interpolation,MMCELP4_TI6AL4V_TI6AL4V_V06,Ti6Al4V->Ti6Al4V,Ti6Al4V,Ti6Al4V,890.0,6,,PASS_CEL_P4_CASE,False,157.18767782435762,155.61369057069646,-1.5739872536611585,29.938133373791583,29.63421022040383,-0.30392315338775333,0.1774288284650538,0.18243327172058377,0.005004443255529956,0.9101993441581726,0.8931857165694205,-0.017013627588752134,0.1272137314081192,0.13482697153463957,0.007613240126520371,999.1552734375,981.0033248138446,-18.151948623655358,1526.3358154296875,1509.5088937377877,-16.82692169189977,0.7916679540610412,0.7829402975818421,-0.008727656479199042,13062705152.0,11483926352.0,-1578778800.0
ExtraTrees,pair_aware_velocity_interpolation,MMCELP4_TI6AL4V_TI6AL4V_V07,Ti6Al4V->Ti6Al4V,Ti6Al4V,Ti6Al4V,955.0,7,,PASS_CEL_P4_CASE,False,170.2306314446482,170.0486677080974,-0.18196373655078446,31.48063364187899,31.38373327678495,-0.09690036509403654,0.196910259546712,0.2018663975604797,0.00495613801376768,0.9698036313056946,0.9648724848032055,-0.004931146502489048,0.1562209278345108,0.1605096595734356,0.0042887317389248,1060.16259765625,1051.1406460571254,-9.021951599124577,1693.6983642578125,1651.3233622741677,-42.37500198364478,0.8784742553204422,0.8564955198517474,-0.021978735468694777,12870937600.0,13772007102.07999,901069502.0799904
ExtraTrees,pair_aware_velocity_interpolation,MMCELP4_TI6AL4V_TI6AL4V_V08,Ti6Al4V->Ti6Al4V,Ti6Al4V,Ti6Al4V,1020.0,8,,PASS_CEL_P4_CASE,False,182.6187318186088,179.74313702996517,-2.875594788643639,33.117244925027926,33.03110729624171,-0.08613762878621856,0.2188415237469598,0.21798578343350503,-0.0008557403134547836,1.0329302549362185,1.0285424379259358,-0.00438781701028268,0.1860433369874954,0.18630975488573323,0.00026641789823783624,1122.079833984375,1127.234634094239,5.154800109864027,1765.745361328125,1745.1073390197803,-20.638022308344716,0.9158430297345048,0.9051386613173074,-0.010704368417197463,14642691072.0,13328591436.800037,-1314099635.1999626
ExtraTrees,pair_aware_velocity_interpolation,MMCELP4_TI6AL4V_TI6AL4V_V09,Ti6Al4V->Ti6Al4V,Ti6Al4V,Ti6Al4V,1085.0,9,,PASS_CEL_P4_CASE,False,190.40004138669616,190.8191430556189,0.41910166892273537,34.80175800244122,34.681164409681045,-0.1205935927601729,0.2408290492894593,0.24072795179108641,-0.00010109749837289295,1.0958409309387207,1.0935388278216107,-0.002302103117109988,0.2192915827035904,0.217502856105566,-0.0017887265980243983,1204.4371337890625,1193.025621414186,-11.411512374876565,1802.181640625,1802.2791149902264,0.09747436522638964,0.9347415148469918,0.9347920720903709,5.055724337910128e-05,13853271040.0,15089166375.679996,1235895335.6799965
ExtraTrees,pair_aware_velocity_interpolation,MMCELP4_TI6AL4V_TI6AL4V_V10,Ti6Al4V->Ti6Al4V,Ti6Al4V,Ti6Al4V,1150.0,10,NEAR_MELT_REVIEW,PASS_CEL_P4_CASE,True,200.1962698268956,190.4622231099791,-9.734046716916481,36.517377642737,34.774370048304604,-1.7430075944323988,0.264530553977238,0.24197414097670839,-0.02255641300052963,1.1649948358535769,1.0946379964798691,-0.07035683937370774,0.2522788345813751,0.22044958146289031,-0.03182925311848481,1277.01123046875,1202.407241897588,-74.60398857116206,1843.3641357421875,1802.9127171325663,-40.451418609621214,0.9561017301567364,0.9351207039069358,-0.020981026249800583,15595612160.0,13840777923.840017,-1754834236.1599827
ExtraTrees,leave_one_pair_out_boundary_audit,MMCELP4_AL6061_SS304_V00,Al6061->SS304,Al6061,SS304,500.0,0,,PASS_CEL_P4_CASE,True,18.043974421140515,64.31939980735606,46.275425386215545,45.920668854891936,27.680064079102458,-18.24060477578948,0.0242738747147086,0.18698771950198545,0.16271384478727685,1.668180227279663,0.8620314545184385,-0.8061487727612245,0.0046868380159139,0.15228571568615829,0.14759887767024438,573.2646484375,573.3207969284057,0.05614849090568441,346.1105651855469,681.900210990904,335.78964580535717,0.6197455658783784,0.42660905090238804,-0.19313651497599033,4404755456.0,7209463899.840015,2804708443.8400154
ExtraTrees,leave_one_pair_out_boundary_audit,MMCELP4_AL6061_SS304_V01,Al6061->SS304,Al6061,SS304,522.5,1,,PASS_CEL_P4_CASE,False,21.591865991018583,68.9742965166358,47.382430525617224,50.10490815246885,28.840348439502797,-21.264559712966054,0.0266323650066624,0.20390471325981718,0.17727234825315477,1.7879618406295776,0.9037210872024299,-0.8842407534271477,0.005771396216005,0.17232199503108964,0.16655059881508463,581.5857543945312,589.0855830001829,7.499828605651601,350.8030090332031,753.1117444229117,402.30873538970854,0.628741356102196,0.4625129773095319,-0.16622837879266406,4573826560.0,7687900657.600001,3114074097.6000013
ExtraTrees,leave_one_pair_out_boundary_audit,MMCELP4_AL6061_SS304_V02,Al6061->SS304,Al6061,SS304,545.0,2,,PASS_CEL_P4_CASE,False,26.525303023965247,74.95568894538826,48.43038592142301,53.78097508895565,29.997390861209574,-23.783584227746076,0.0295170684694312,0.2285627347021089,0.1990456662326777,1.8031163215637207,0.9534157750010485,-0.8497005465626722,0.0069258143194019,0.2025567942066125,0.1956309798872106,587.7904663085938,601.2644488906859,13.473982582092162,357.0417175292969,859.8516248703015,502.80990734100465,0.6354491527660473,0.5173491827300196,-0.11809997003602768,4463964160.0,9101637131.2,4637672971.200001
ExtraTrees,leave_one_pair_out_boundary_audit,MMCELP4_AL6061_SS304_V03,Al6061->SS304,Al6061,SS304,567.5,3,,PASS_CEL_P4_CASE,False,32.4137395448175,79.61782532685861,47.204085782041105,57.49974160071498,30.876720306998205,-26.62302129371677,0.0316800469590816,0.2466703734057773,0.2149903264466957,1.653112292289734,0.9977870865911244,-0.6553252056986097,0.0081996228545904,0.22749060619622521,0.21929098334163483,580.0794677734375,620.0059996795653,39.92653190612782,364.5654602050781,938.900003967286,574.3345437622079,0.6271129381334459,0.558813362732314,-0.06829957540113196,4873634816.0,9062386773.760002,4188751957.760002
ExtraTrees,leave_one_pair_out_boundary_audit,MMCELP4_AL6061_SS304_V04,Al6061->SS304,Al6061,SS304,590.0,4,,PASS_CEL_P4_CASE,False,38.05064691090263,85.18932245504479,47.13867554414216,61.24506574612736,31.64884700618065,-29.59621873994671,0.034450238217687,0.27011800606260294,0.23566776784491594,1.7630763053894043,1.0473066598176954,-0.7157696455717089,0.0095267239958047,0.26030023818369985,0.2507735141878952,584.3697509765625,638.6802129364011,54.31046195983856,370.8575134277344,1026.248895492553,655.3913820648186,0.6317510821368243,0.6056288271395411,-0.026122254997283156,5088556032.0,9539864919.039997,4451308887.039997
ExtraTrees,leave_one_pair_out_boundary_audit,MMCELP4_AL6061_SS304_V05,Al6061->SS304,Al6061,SS304,612.5,5,,PASS_CEL_P4_CASE,False,42.47747075793358,90.74765134088915,48.27018058295557,64.34410045167118,32.03056639521355,-32.313534056457634,0.0378255413124861,0.2918616336046398,0.2540360922921537,1.8607378005981443,1.0950988639891146,-0.7656389366090297,0.0111608561128377,0.29163985187653446,0.2804789957636968,590.1805419921875,658.7622006607055,68.581658668518,376.8821411132813,1100.426037330627,723.5438962173457,0.6380330183699324,0.6455969246977652,0.00756390632783277,5760931840.0,10534350703.039993,4773418863.039993
ExtraTrees,leave_one_pair_out_boundary_audit,MMCELP4_AL6061_SS304_V06,Al6061->SS304,Al6061,SS304,635.0,6,,PASS_CEL_P4_CASE,False,44.56743548437754,95.93352500445218,51.36608952007464,66.81030585142365,32.19895350728399,-34.61135234413966,0.041099265217781,0.32117180652448946,0.28007254130670844,1.9218974113464355,1.1532849813252692,-0.7686124300211663,0.0128129823133349,0.33396689584478745,0.32115391353145256,596.7991943359375,680.3203440093994,83.52114967346188,383.4448852539063,1166.7830957031251,783.3382104492189,0.6451883182010135,0.6823678360472817,0.03717951784626816,6028742656.0,11560115772.16,5531373116.16
ExtraTrees,leave_one_pair_out_boundary_audit,MMCELP4_AL6061_SS304_V07,Al6061->SS304,Al6061,SS304,657.5,7,,PASS_CEL_P4_CASE,False,43.51825159373853,99.64038746284116,56.12213586910263,68.99199382474796,31.944452705511107,-37.047541119236854,0.0434073854194139,0.3430205968470544,0.29961321142764047,1.939573884010315,1.1941877660155298,-0.7453861179947852,0.0145276794210076,0.3669221011921764,0.3523944217711688,602.6187744140625,700.1346115112306,97.51583709716806,393.2791137695313,1205.3704892730714,812.0913755035401,0.6514797561233108,0.7038863943725626,0.05240663824925185,6811379200.0,12131207267.839996,5319828067.839996
ExtraTrees,leave_one_pair_out_boundary_audit,MMCELP4_AL6061_SS304_V08,Al6061->SS304,Al6061,SS304,680.0,8,,PASS_CEL_P4_CASE,False,40.17405609349533,103.98961024691158,63.81555415341625,71.01435262335012,31.531917834061804,-39.48243478928832,0.0472265310236252,0.36975750776946337,0.3225309767458382,1.9300637245178225,1.2348688116669655,-0.695194912850857,0.0164469387382268,0.4055789948068562,0.38913205606862944,613.158935546875,720.3121306228638,107.15319507598883,399.4102478027344,1244.26860912323,844.8583613204955,0.6628745249155406,0.7255048931834909,0.06263036826795032,7541570560.0,12979992683.199995,5438422123.199995
ExtraTrees,leave_one_pair_out_boundary_audit,MMCELP4_AL6061_SS304_V09,Al6061->SS304,Al6061,SS304,702.5,9,,PASS_CEL_P4_CASE,False,35.874474877651444,106.68742718843914,70.8129523107877,72.91980821485562,31.084696031786116,-41.835112183069505,0.0505901743963477,0.3885168454416994,0.3379266710453517,1.9907753467559812,1.263899673819542,-0.7268756729364392,0.0185575354844331,0.433509705346078,0.4149521698616449,633.0687255859375,731.2293454360961,98.16061985015858,406.0269775390625,1269.743859138489,863.7168815994264,0.6843986222550675,0.7398102866241791,0.0554116643691116,7978577408.0,13113802957.759993,5135225549.759993
ExtraTrees,leave_one_pair_out_boundary_audit,MMCELP4_AL6061_SS304_V10,Al6061->SS304,Al6061,SS304,725.0,10,,PASS_CEL_P4_CASE,True,31.444728681368595,108.55954336711588,77.11481468574729,74.430824804356,30.806608740240005,-43.624216064116,0.0537305686520994,0.4019110569174695,0.34818048826537007,2.1979613304138184,1.2848867676407099,-0.9130745627731085,0.0207446031272411,0.4531349518708887,0.4323903487436476,641.3214721679688,742.234962501526,100.9134903335572,419.06353759765625,1284.167684211731,865.1041466140748,0.6933205104518582,0.7479988356441687,0.05467832519231053,8295150080.0,13459328284.479992,5164178204.479992
ExtraTrees,leave_one_pair_out_boundary_audit,MMCELP4_CU_CU_V00,Cu->Cu,Cu,Cu,300.0,0,,PASS_CEL_P4_CASE,True,23.451065782531632,86.72431594204141,63.273250159509786,30.97533646372405,40.89007032426894,9.914733860544889,0.1769557820807676,0.12828104685524988,-0.04867473522551771,0.9555360078811646,1.2355109299719333,0.2799749220907688,0.1418847292661667,0.0902420082374008,-0.05164272102876588,433.5928039550781,664.846328811646,231.25352485656788,490.9577941894531,877.4486077117917,386.4908135223386,0.3620632700512191,0.6731388819150036,0.3110756118637845,4025972992.0,7326020264.320002,3300047272.3200016
ExtraTrees,leave_one_pair_out_boundary_audit,MMCELP4_CU_CU_V01,Cu->Cu,Cu,Cu,355.0,1,,PASS_CEL_P4_CASE,False,27.812176390067144,87.5910111387649,59.778834748697754,34.41923506462904,41.32923421054335,6.9099991459143055,0.2277456769661512,0.12942686642816176,-0.09831881053798944,1.1063930988311768,1.2454867830127476,0.13909368418157086,0.2114320248365402,0.09124778484459949,-0.12018423999194071,468.7227783203125,667.3089484405523,198.58617012023979,571.447021484375,884.6887391662594,313.24171768188444,0.4214211072893621,0.6770722053429866,0.2556510980536245,7086087680.0,7340363468.800001,254275788.80000114
ExtraTrees,leave_one_pair_out_boundary_audit,MMCELP4_CU_CU_V02,Cu->Cu,Cu,Cu,410.0,2,,PASS_CEL_P4_CASE,False,29.120214472964573,89.84398041611381,60.72376594314923,37.73277714641386,41.89141919376273,4.15864204734887,0.2820364170474931,0.13352202829821644,-0.14851438874927667,1.272550344467163,1.252410537675023,-0.020139806792140114,0.2848927080631256,0.09550742292078201,-0.1893852851423436,513.696044921875,671.2868217468266,157.5907768249516,636.7523193359375,913.945268821716,277.1929494857785,0.4695813564424317,0.6913174310150096,0.22173607457257793,14053585920.0,7519701326.72,-6533884593.28
ExtraTrees,leave_one_pair_out_boundary_audit,MMCELP4_CU_CU_V03,Cu->Cu,Cu,Cu,465.0,3,,PASS_CEL_P4_CASE,False,30.943849284549174,92.36104973620812,61.41720045165894,40.681998957091935,42.62848525947857,1.9464863023866386,0.3381293208803981,0.1370220015928681,-0.20110731928753,1.4287939071655271,1.2534123408794402,-0.17538156628608692,0.3659149706363678,0.09959642322326531,-0.26631854741310246,550.9423828125,676.5229633331303,125.58058052063029,686.5767822265625,941.7423950958247,255.1656128692622,0.5063250606390579,0.7041700705240884,0.1978450098850305,9065197568.0,7520569385.5999975,-1544628182.4000025
ExtraTrees,leave_one_pair_out_boundary_audit,MMCELP4_CU_CU_V04,Cu->Cu,Cu,Cu,520.0,4,,PASS_CEL_P4_CASE,False,33.49750956958791,95.13410678736133,61.63659721777342,42.096496734127015,43.624647566950244,1.5281508328232292,0.3949583697249181,0.14063439815004136,-0.25432397157487674,1.5700541734695437,1.2742954140156508,-0.29575875945389285,0.4540076553821563,0.10387270174687727,-0.350134953635279,584.4381713867188,688.0434677124026,103.60529632568387,736.077880859375,961.0941683959958,225.01628753662078,0.5428302956190081,0.7143645731626611,0.17153427754365302,10304609280.0,7703834936.959997,-2600774343.040003
ExtraTrees,leave_one_pair_out_boundary_audit,MMCELP4_CU_CU_V05,Cu->Cu,Cu,Cu,575.0,5,,PASS_CEL_P4_CASE,True,35.87791412256284,99.72163998211097,63.84372585954813,41.43419130487329,45.353193655960496,3.919002351087208,0.4523328607319854,0.148064958705163,-0.3042679020268224,1.70257568359375,1.2979025903344157,-0.4046730932593343,0.5468625426292419,0.11166317549534137,-0.43519936713390056,600.699951171875,697.8337223052978,97.13377113342278,779.786865234375,993.6277870941163,213.84092185974134,0.5750640599073562,0.7309114831224343,0.15584742321507805,14577115136.0,8132826286.719996,-6444288849.280004
ExtraTrees,leave_one_pair_out_boundary_audit,MMCELP4_CU_CU_V06,Cu->Cu,Cu,Cu,630.0,6,,PASS_CEL_P4_CASE,False,37.84728553709725,103.7079360825565,65.86065054545925,38.59387581953518,47.37454186548378,8.7806660459486,0.5100997441331856,0.1546473590821051,-0.35545238505108046,1.8036293983459477,1.354823723807931,-0.4488056745380167,0.6388731002807617,0.11871031453716566,-0.5201627857435961,610.6246948242188,721.8265364837647,111.20184165954595,804.2699584960938,1029.3711854934693,225.10122699737553,0.5931194384189482,0.7513916156334582,0.15827217721451003,16229382144.0,8822697904.64,-7406684239.360001
ExtraTrees,leave_one_pair_out_boundary_audit,MMCELP4_CU_CU_V07,Cu->Cu,Cu,Cu,685.0,7,,PASS_CEL_P4_CASE,False,39.07568426236323,105.99539548234446,66.91971121998122,34.334759829016825,49.15793443212529,14.823174603108463,0.5688592500519007,0.16410412046070627,-0.4047551295911945,1.8953378200531008,1.3962903900444505,-0.49904743000865026,0.7397428154945374,0.1298104442795738,-0.6099323712149636,623.776123046875,752.6342128753661,128.85808982849107,825.1095581054688,1066.3143133163453,241.20475521087656,0.6084878747090477,0.774071338959784,0.16558346425073622,17889632256.0,9457177756.159996,-8432454499.840004
ExtraTrees,leave_one_pair_out_boundary_audit,MMCELP4_CU_CU_V08,Cu->Cu,Cu,Cu,740.0,8,,PASS_CEL_P4_CASE,False,40.81829240866014,110.91651078652312,70.09821837786298,29.61384330404108,49.85347879104039,20.23963548699931,0.6292339821811765,0.18101173673699114,-0.44822224544418543,1.971268892288208,1.4429441477358336,-0.5283247445523744,0.8363637924194336,0.14890207603340969,-0.6874617163860239,631.1611328125,789.5429000091552,158.38176719665523,849.6636962890625,1124.0312427520753,274.3675464630128,0.626595646230872,0.8003487821990733,0.1737531359682013,17817989120.0,10391005214.079998,-7426983905.920002
ExtraTrees,leave_one_pair_out_boundary_audit,MMCELP4_CU_CU_V09,Cu->Cu,Cu,Cu,795.0,9,,PASS_CEL_P4_CASE,False,41.39951039581093,124.38579358949492,82.98628319368399,25.415885007325752,48.509296822180865,23.093411814855113,0.6893528916407377,0.2099033429715289,-0.47944954866920875,2.06144118309021,1.4270151168853038,-0.6344260662049062,0.9399709701538086,0.18138911911286398,-0.7585818510409446,649.0888061523438,845.3950920867925,196.30628593444874,875.2357788085938,1234.8968907928463,359.66111198425256,0.6454541141656296,0.8323908874936952,0.18693677332806558,18101176320.0,11088359698.560009,-7012816621.439991
ExtraTrees,leave_one_pair_out_boundary_audit,MMCELP4_CU_CU_V10,Cu->Cu,Cu,Cu,850.0,10,,PASS_CEL_P4_CASE,True,40.65857247172016,131.87678477277132,91.21821230105115,22.011275135291985,48.20841525101774,26.197140115725755,0.7496530452044681,0.22883556749775352,-0.5208174777067145,2.13987135887146,1.449220067784188,-0.690651291087272,1.0341142416000366,0.2033848054520783,-0.8307294361479584,666.5433959960938,882.0087671661386,215.46537117004482,901.2720947265624,1297.3418138122547,396.0697190856923,0.6646549371139842,0.8525715053351725,0.1879165682211883,21233633280.0,11905309647.360018,-9328323632.639982
ExtraTrees,leave_one_pair_out_boundary_audit,MMCELP4_INCONEL718_TI6AL4V_V00,Inconel718->Ti6Al4V,Inconel718,Ti6Al4V,500.0,0,,PASS_CEL_P4_CASE,True,90.86814415582845,73.46885594890027,-17.399288206928176,20.313833565569617,25.08850873218711,4.774675166617492,0.1427842471457552,0.09265022016507021,-0.050134026980684976,0.5455921292304993,0.7891564860194947,0.24356435678899546,0.0747755840420723,0.050237476993352986,-0.02453810704871931,578.3363647460938,670.8212229156494,92.48485816955565,744.9688720703125,573.511049118042,-171.45782295227048,0.3863946431899961,0.41300756381564746,0.02661292062565135,5901877248.0,6746031942.400032,844154694.400032
ExtraTrees,leave_one_pair_out_boundary_audit,MMCELP4_INCONEL718_TI6AL4V_V01,Inconel718->Ti6Al4V,Inconel718,Ti6Al4V,565.0,1,,PASS_CEL_P4_CASE,False,109.5983702402537,79.5578858988195,-30.040484341434194,22.206872388233226,27.848358397208095,5.641486008974869,0.1710305878077633,0.10615410402579133,-0.06487648378197199,0.60349440574646,0.8556409739702991,0.2521465682238392,0.1015675291419029,0.06323037608177579,-0.03833715306012711,612.9817504882812,713.8314881134033,100.84973762512209,954.5123901367188,659.2642575836181,-295.2481325531006,0.4950790405273437,0.4463545341198426,-0.04872450640750109,6175411712.0,6781863994.24002,606452282.2400198
ExtraTrees,leave_one_pair_out_boundary_audit,MMCELP4_INCONEL718_TI6AL4V_V02,Inconel718->Ti6Al4V,Inconel718,Ti6Al4V,630.0,2,,PASS_CEL_P4_CASE,False,128.2459746782076,90.13552503656548,-38.11044964164212,23.25385311384998,30.939685354813243,7.685832240963261,0.2016117832681629,0.12552440388731217,-0.07608737938085072,0.6247341632843018,0.9248790753632818,0.3001449120789801,0.1369559317827224,0.08218972759670715,-0.054766204186015244,625.3604736328125,765.4694442367554,140.1089706039429,1288.851806640625,797.5544300079346,-491.29737663269043,0.668491600954681,0.5015984944945406,-0.16689310646014033,9216011264.0,7703746714.560014,-1512264549.4399862
ExtraTrees,leave_one_pair_out_boundary_audit,MMCELP4_INCONEL718_TI6AL4V_V03,Inconel718->Ti6Al4V,Inconel718,Ti6Al4V,695.0,3,,PASS_CEL_P4_CASE,False,144.67032688755506,101.98176755940284,-42.68855932815222,23.81344984629612,33.215079706977754,9.401629860681634,0.2348593443457503,0.14418510898224182,-0.09067423536350847,0.6454243659973145,0.9937874549627317,0.34836308896541723,0.1811950802803039,0.1021570011810406,-0.0790380790992633,634.4721069335938,812.8942161178583,178.4221091842645,1579.49072265625,954.5061016845711,-624.9846209716789,0.8192379266889264,0.5738162101261943,-0.24542171656273204,7953964032.0,8396290866.240009,442326834.2400093
ExtraTrees,leave_one_pair_out_boundary_audit,MMCELP4_INCONEL718_TI6AL4V_V04,Inconel718->Ti6Al4V,Inconel718,Ti6Al4V,760.0,4,,PASS_CEL_P4_CASE,False,159.13038300074746,113.60542544208258,-45.52495755866488,24.394237778143182,34.99736698673026,10.603129208587081,0.2725175909290556,0.16274125541997378,-0.10977633550908181,0.6580291986465454,1.0627282258123143,0.4046990271657689,0.2290190160274505,0.12440585248637971,-0.1046131635410708,645.3873291015625,856.670789604186,211.28346050262348,1764.7451171875,1098.0341432189962,-666.7109739685038,0.9153242309063796,0.6501228062124225,-0.26520142469395713,8390772224.0,9419064569.919996,1028292345.9199963
ExtraTrees,leave_one_pair_out_boundary_audit,MMCELP4_INCONEL718_TI6AL4V_V05,Inconel718->Ti6Al4V,Inconel718,Ti6Al4V,825.0,5,NEAR_MELT_REVIEW,PASS_CEL_P4_CASE,True,172.07365212842308,125.75412495298058,-46.3195271754425,25.54410243478586,36.51035138353222,10.966248948746358,0.3120392284472473,0.1825443028394601,-0.1294949256077872,0.7125493288040161,1.1348971915245052,0.4223478627204891,0.274111807346344,0.14995383042725735,-0.12415797691908664,680.6773681640625,903.2152328491196,222.53786468505712,1844.2757568359373,1246.486564674378,-597.7891921615592,0.9565745626742416,0.7289957551380775,-0.2275788075361641,9630139392.0,11343291827.840006,1713152435.8400059
ExtraTrees,leave_one_pair_out_boundary_audit,MMCELP4_INCONEL718_TI6AL4V_V06,Inconel718->Ti6Al4V,Inconel718,Ti6Al4V,890.0,6,NEAR_MELT_REVIEW,PASS_CEL_P4_CASE,False,181.9397083564696,135.58457522830219,-46.35513312816741,27.24169049305159,37.73822663970747,10.496536146655881,0.3522172119119204,0.19990411875028252,-0.15231309316163788,0.7604994177818298,1.1887808680534337,0.4282814502716039,0.3204774260520935,0.17340407896786933,-0.14707334708422418,754.5037231445312,949.3843548583968,194.88063171386557,1885.7010498046875,1362.0847990798993,-523.6162507247882,0.9780607104796096,0.789657925904786,-0.18840278457482362,11775314944.0,12522361739.52002,747046795.5200195
ExtraTrees,leave_one_pair_out_boundary_audit,MMCELP4_INCONEL718_TI6AL4V_V07,Inconel718->Ti6Al4V,Inconel718,Ti6Al4V,955.0,7,NEAR_MELT_REVIEW,PASS_CEL_P4_CASE,False,193.4685014373763,142.36564871768292,-51.102852719693374,28.959277781567938,38.61444166672601,9.655163885158071,0.3923467374988831,0.21320235140365176,-0.17914438609523134,0.8333325982093811,1.2281223107129333,0.3947897125035522,0.3660039603710174,0.19306401148671243,-0.17293994888430497,837.5016479492188,985.9573971557605,148.45574920654178,1916.6739501953125,1437.1392971801788,-479.5346530151337,0.9941254928398924,0.8290544989947016,-0.16507099384519075,11744952320.0,12700654227.840008,955701907.8400078
ExtraTrees,leave_one_pair_out_boundary_audit,MMCELP4_INCONEL718_TI6AL4V_V08,Inconel718->Ti6Al4V,Inconel718,Ti6Al4V,1020.0,8,NEAR_MELT_REVIEW,PASS_CEL_P4_CASE,False,202.48943781615736,149.20557115278888,-53.283866663368485,30.89819686722632,39.64705614266743,8.74885927544111,0.4314097895985469,0.22803986798862746,-0.20336992160991946,0.914595067501068,1.2710870404541492,0.3564919729530812,0.415949136018753,0.21386106517631576,-0.20208807084243724,944.4088134765624,1028.545321731568,84.13650825500565,1920.986328125,1476.018885498049,-444.96744262695097,0.996362203384336,0.849642076374341,-0.14672012700999504,17899638784.0,13506687227.519989,-4392951556.480011
ExtraTrees,leave_one_pair_out_boundary_audit,MMCELP4_INCONEL718_TI6AL4V_V09,Inconel718->Ti6Al4V,Inconel718,Ti6Al4V,1085.0,9,NEAR_MELT_REVIEW,PASS_CEL_P4_CASE,False,210.670040623692,153.2492600649326,-57.42078055875939,32.61029667907848,40.462078391983134,7.851781712904653,0.4715891918749548,0.24062714026058507,-0.23096205161436972,1.0084296464920044,1.3064897404611107,0.29806009396910627,0.4624225199222564,0.23241102908737957,-0.23001149083487685,942.8836059570312,1070.7028115463272,127.81920558929596,1922.873779296875,1496.2553719711323,-426.61840732574274,0.9973411718344788,0.859822628124453,-0.1375185437100258,12018502656.0,13350436740.800013,1331934084.8000126
ExtraTrees,leave_one_pair_out_boundary_audit,MMCELP4_INCONEL718_TI6AL4V_V10,Inconel718->Ti6Al4V,Inconel718,Ti6Al4V,1150.0,10,PEEQ_MAX_REVIEW;NEAR_MELT_REVIEW,PASS_CEL_P4_CASE,True,216.35016608831003,157.97901487849782,-58.37115120981221,34.31058000296023,41.359279748058455,7.048699745098226,0.5093639265396632,0.2533108659690694,-0.25605306057059385,1.1144793033599854,1.351448368728161,0.23696906536817575,0.5108830332756042,0.25008003786206257,-0.2608029954135417,1031.7933349609375,1107.808523597716,76.01518863677848,1927.9344482421875,1517.84748195649,-410.0869662856976,0.999966000125616,0.871175901841309,-0.128790098284307,16359011328.0,14270149832.640003,-2088861495.3599968
ExtraTrees,leave_one_pair_out_boundary_audit,MMCELP4_TI6AL4V_TI6AL4V_V00,Ti6Al4V->Ti6Al4V,Ti6Al4V,Ti6Al4V,500.0,0,,PASS_CEL_P4_CASE,True,85.29434884584396,66.33374954500208,-18.960599300841878,17.04523574545537,27.6797995053566,10.63456375990123,0.0724238134353072,0.13080365371536104,0.058379840280053844,0.512882649898529,0.8623188170045589,0.34943616710602987,0.0239270739257335,0.08069659266853796,0.05676951874280446,663.1607666015625,561.9301710510248,-101.23059555053771,525.1722412109375,635.199016914368,110.02677570343053,0.343963053216578,0.4391917427793878,0.09522868956280978,6963420672.0,5762760691.840017,-1200659980.1599827
ExtraTrees,leave_one_pair_out_boundary_audit,MMCELP4_TI6AL4V_TI6AL4V_V01,Ti6Al4V->Ti6Al4V,Ti6Al4V,Ti6Al4V,565.0,1,,PASS_CEL_P4_CASE,False,90.67398857115738,76.1171853950668,-14.556803176090582,20.14153517025823,29.869018151440258,9.727482981182028,0.0856950555316871,0.14866936296300592,0.06297430743131882,0.582818865776062,0.9150224761664846,0.33220361039042257,0.0355393849313259,0.09966761095740281,0.06412822602607691,723.3856811523438,581.6395495986939,-141.7461315536499,610.9144897460938,734.6806390380846,123.76614929199081,0.3752000420914646,0.492831289835565,0.11763124774410039,6705716736.0,6118445633.600016,-587271102.3999844
ExtraTrees,leave_one_pair_out_boundary_audit,MMCELP4_TI6AL4V_TI6AL4V_V02,Ti6Al4V->Ti6Al4V,Ti6Al4V,Ti6Al4V,630.0,2,,PASS_CEL_P4_CASE,False,97.08379274250284,87.16628996067094,-9.9175027818319,22.922535011629986,31.592267798584963,8.669732786954977,0.1017550857795868,0.1703769056007337,0.0686218198211469,0.64458829164505,0.9522107443958521,0.307622452750802,0.0482398495078086,0.1251834285072989,0.07694357899949031,780.3802490234375,594.8688940429688,-185.5113549804687,726.669189453125,900.088126106262,173.41893665313705,0.4047615399499157,0.5798214606256029,0.1750599206756872,7745701888.0,7721860014.72002,-23841873.279979706
ExtraTrees,leave_one_pair_out_boundary_audit,MMCELP4_TI6AL4V_TI6AL4V_V03,Ti6Al4V->Ti6Al4V,Ti6Al4V,Ti6Al4V,695.0,3,,PASS_CEL_P4_CASE,False,107.24120577246474,96.675358006599,-10.56584776586574,25.242919957946413,32.66621328989544,7.423293331949026,0.1193444131786236,0.1922590788751675,0.0729146656965439,0.7204343676567078,0.9787702231109148,0.258335855454207,0.0629952102899551,0.15355473954754473,0.09055952925758963,843.3167114257812,604.7973051071165,-238.51940631866478,900.1910400390625,1054.5798051071158,154.38876506805332,0.4669040664103021,0.6609411163243946,0.19403704991409249,6879916032.0,7631738237.1200075,751822205.1200075
ExtraTrees,leave_one_pair_out_boundary_audit,MMCELP4_TI6AL4V_TI6AL4V_V04,Ti6Al4V->Ti6Al4V,Ti6Al4V,Ti6Al4V,760.0,4,,PASS_CEL_P4_CASE,False,122.44707273115505,105.3606527392534,-17.08641999190165,27.00444640128679,33.49107869750496,6.486632296218172,0.1378610886604292,0.21509702365847252,0.07723593499804332,0.7867133617401123,1.006143467724325,0.21943010598421275,0.0810173749923706,0.183193111671135,0.1021757366787644,895.3693237304688,613.4431286239623,-281.9261951065065,1074.137939453125,1176.0959039306642,101.95796447753924,0.5571254872682183,0.7251184897319822,0.16799300246376392,7307118592.0,8077765176.639998,770646584.6399984
ExtraTrees,leave_one_pair_out_boundary_audit,MMCELP4_TI6AL4V_TI6AL4V_V05,Ti6Al4V->Ti6Al4V,Ti6Al4V,Ti6Al4V,825.0,5,,PASS_CEL_P4_CASE,True,141.05559194135768,115.42075478701281,-25.634837154344865,28.47290050536442,34.791543708587575,6.318643203223154,0.1568954212416429,0.24236637039791725,0.08547094915627435,0.8462955951690674,1.041809902191164,0.1955143070220966,0.1022872254252433,0.21680134859983802,0.11451412317459472,945.1976318359376,630.0205841064453,-315.1770477294923,1304.084228515625,1282.435532112123,-21.648696403502072,0.6763922347072744,0.7806208961659253,0.10422866145865095,10485992448.0,8835268080.640001,-1650724367.3599987
ExtraTrees,leave_one_pair_out_boundary_audit,MMCELP4_TI6AL4V_TI6AL4V_V06,Ti6Al4V->Ti6Al4V,Ti6Al4V,Ti6Al4V,890.0,6,,PASS_CEL_P4_CASE,False,157.18767782435762,123.83885873538918,-33.34881908896844,29.938133373791583,36.26542484408786,6.327291470296277,0.1774288284650538,0.27208280457386985,0.09465397610881604,0.9101993441581726,1.0941094935685387,0.1839101494103661,0.1272137314081192,0.2530462509708012,0.125832519562682,999.1552734375,664.2962358474731,-334.8590375900269,1526.3358154296875,1355.0574797821075,-171.27833564757998,0.7916679540610412,0.8199715058469116,0.028303551785870407,13062705152.0,9887911322.56,-3174793829.4400005
ExtraTrees,leave_one_pair_out_boundary_audit,MMCELP4_TI6AL4V_TI6AL4V_V07,Ti6Al4V->Ti6Al4V,Ti6Al4V,Ti6Al4V,955.0,7,,PASS_CEL_P4_CASE,False,170.2306314446482,130.19504315093027,-40.03558829371792,31.48063364187899,37.407051496947766,5.926417855068777,0.196910259546712,0.29726218038490526,0.10035192083819325,0.9698036313056946,1.1363701354712237,0.1665665041655291,0.1562209278345108,0.28312818337813944,0.12690725554362864,1060.16259765625,701.7234579849242,-358.43913967132585,1693.6983642578125,1394.0417467117322,-299.65661754608027,0.8784742553204422,0.8415730533973289,-0.0369012019231133,12870937600.0,10416653307.199997,-2454284292.800003
ExtraTrees,leave_one_pair_out_boundary_audit,MMCELP4_TI6AL4V_TI6AL4V_V08,Ti6Al4V->Ti6Al4V,Ti6Al4V,Ti6Al4V,1020.0,8,,PASS_CEL_P4_CASE,False,182.6187318186088,136.09719647109372,-46.52153534751508,33.117244925027926,38.768116060607625,5.650871135579699,0.2188415237469598,0.32567473472795466,0.10683321098099485,1.0329302549362185,1.1965957382321357,0.16366548329591724,0.1860433369874954,0.3179895146540367,0.1319461776665413,1122.079833984375,759.8344329452523,-362.2454010391227,1765.745361328125,1416.2316656875646,-349.5136956405604,0.9158430297345048,0.8555929643878317,-0.0602500653466731,14642691072.0,12825365997.759995,-1817325074.2400055
ExtraTrees,leave_one_pair_out_boundary_audit,MMCELP4_TI6AL4V_TI6AL4V_V09,Ti6Al4V->Ti6Al4V,Ti6Al4V,Ti6Al4V,1085.0,9,,PASS_CEL_P4_CASE,False,190.40004138669616,139.62877039418282,-50.77127099251334,34.80175800244122,39.588637927974894,4.786879925533675,0.2408290492894593,0.34591362560831873,0.10508457631885942,1.0958409309387207,1.2532266806811097,0.15738574974238895,0.2192915827035904,0.34223720161477095,0.12294561891118055,1204.4371337890625,776.8197826004038,-427.61735118865874,1802.181640625,1425.7730044174195,-376.40863620758046,0.9347415148469918,0.8615530048909741,-0.07318850995601767,13853271040.0,11883281640.639997,-1969989399.3600025
ExtraTrees,leave_one_pair_out_boundary_audit,MMCELP4_TI6AL4V_TI6AL4V_V10,Ti6Al4V->Ti6Al4V,Ti6Al4V,Ti6Al4V,1150.0,10,NEAR_MELT_REVIEW,PASS_CEL_P4_CASE,True,200.1962698268956,142.76625265691428,-57.43001716998131,36.517377642737,40.424804643085466,3.907427000348463,0.264530553977238,0.363945358947149,0.09941480496991101,1.1649948358535769,1.3072624558955428,0.14226762004196591,0.2522788345813751,0.36443104644305985,0.11215221186168473,1277.01123046875,811.7055262374887,-465.3057042312613,1843.3641357421875,1432.9985748672493,-410.3655608749382,0.9561017301567364,0.8655061853544345,-0.09059554480230192,15595612160.0,13010655232.959993,-2584956927.0400066
GradientBoosting,pair_aware_velocity_interpolation,MMCELP4_AL6061_SS304_V00,Al6061->SS304,Al6061,SS304,500.0,0,,PASS_CEL_P4_CASE,True,18.043974421140515,22.9589379862326,4.9149635650920835,45.920668854891936,50.41013023608141,4.4894613811894715,0.0242738747147086,0.02767306330077035,0.003399188586061752,1.668180227279663,1.5874894531358352,-0.08069077414382786,0.0046868380159139,0.0076276816502447164,0.0029408436343308164,573.2646484375,589.6091240502391,16.344475612739075,346.1105651855469,357.9013798199178,11.790814634370918,0.6197455658783784,0.5193375652773145,-0.10040800060106392,4404755456.0,4695204183.375003,290448727.37500286
GradientBoosting,pair_aware_velocity_interpolation,MMCELP4_AL6061_SS304_V01,Al6061->SS304,Al6061,SS304,522.5,1,,PASS_CEL_P4_CASE,False,21.591865991018583,19.708750987392804,-1.8831150036257789,50.10490815246885,48.363321556571655,-1.7415865958971963,0.0266323650066624,0.02392035306963078,-0.0027120119370316227,1.7879618406295776,1.66543304400214,-0.12252879662743754,0.005771396216005,0.006524676829384735,0.0007532806133797344,581.5857543945312,589.0562677566164,7.470513362085171,350.8030090332031,345.79334062949465,-5.009668403708474,0.628741356102196,0.5878419136708198,-0.04089944243137611,4573826560.0,4637120137.705342,63293577.70534229
GradientBoosting,pair_aware_velocity_interpolation,MMCELP4_AL6061_SS304_V02,Al6061->SS304,Al6061,SS304,545.0,2,,PASS_CEL_P4_CASE,False,26.525303023965247,25.335704175506933,-1.1895988484583135,53.78097508895565,49.125280286056295,-4.655694802899355,0.0295170684694312,0.03259354398008002,0.0030764755106488205,1.8031163215637207,1.7357965417214833,-0.06731977984223736,0.0069258143194019,0.010522516986759045,0.0035967026673571455,587.7904663085938,595.1718739857055,7.381407677111724,357.0417175292969,375.08307850796757,18.041360978670696,0.6354491527660473,0.5956113799411153,-0.03983777282493195,4463964160.0,4666158189.310458,202194029.31045818
GradientBoosting,pair_aware_velocity_interpolation,MMCELP4_AL6061_SS304_V03,Al6061->SS304,Al6061,SS304,567.5,3,,PASS_CEL_P4_CASE,False,32.4137395448175,31.850272879216327,-0.563466665601176,57.49974160071498,58.001679767468715,0.5019381667537388,0.0316800469590816,0.03612765329183282,0.004447606332751215,1.653112292289734,1.7886844403085878,0.13557214801885364,0.0081996228545904,0.013448324014355362,0.005248701159764961,580.0794677734375,600.0455616064023,19.966093832964816,364.5654602050781,383.1456876709228,18.5802274658447,0.6271129381334459,0.624820506033205,-0.002292432100240882,4873634816.0,5204083010.152761,330448194.15276146
GradientBoosting,pair_aware_velocity_interpolation,MMCELP4_AL6061_SS304_V04,Al6061->SS304,Al6061,SS304,590.0,4,,PASS_CEL_P4_CASE,False,38.05064691090263,34.19967901000741,-3.8509679008952205,61.24506574612736,57.78929554092987,-3.4557702051974886,0.034450238217687,0.037023880502595086,0.0025736422849080842,1.7630763053894043,1.7358452332664867,-0.027231072122917643,0.0095267239958047,0.014126696438350905,0.004599972442546205,584.3697509765625,594.6862607166299,10.316509740067431,370.8575134277344,397.92501448542646,27.067501057692084,0.6317510821368243,0.6453903918157777,0.013639309678953437,5088556032.0,5787868127.572537,699312095.5725374
GradientBoosting,pair_aware_velocity_interpolation,MMCELP4_AL6061_SS304_V05,Al6061->SS304,Al6061,SS304,612.5,5,,PASS_CEL_P4_CASE,False,42.47747075793358,39.37220762421162,-3.1052631337219623,64.34410045167118,61.3859104046294,-2.958190047041782,0.0378255413124861,0.04352236076026017,0.0056968194477740736,1.8607378005981443,1.7824034641421664,-0.07833433645597787,0.0111608561128377,0.01691739312700824,0.0057565370141705405,590.1805419921875,606.0850389583373,15.90449696614985,376.8821411132813,391.34042433569607,14.458283222414764,0.6380330183699324,0.6487414524673315,0.010708434097399078,5760931840.0,6259568669.3510685,498636829.3510685
GradientBoosting,pair_aware_velocity_interpolation,MMCELP4_AL6061_SS304_V06,Al6061->SS304,Al6061,SS304,635.0,6,,PASS_CEL_P4_CASE,False,44.56743548437754,41.31600887160733,-3.25142661277021,66.81030585142365,65.37314077025708,-1.4371650811665688,0.041099265217781,0.04483324423380658,0.003733979016025582,1.9218974113464355,1.8960944657002026,-0.025802945646232978,0.0128129823133349,0.019228925506035832,0.006415943192700932,596.7991943359375,612.023228769141,15.224034433203542,383.4448852539063,401.5078706520254,18.06298539811911,0.6451883182010135,0.6431266908453276,-0.0020616273556859355,6028742656.0,7069237239.24341,1040494583.2434101
GradientBoosting,pair_aware_velocity_interpolation,MMCELP4_AL6061_SS304_V07,Al6061->SS304,Al6061,SS304,657.5,7,,PASS_CEL_P4_CASE,False,43.51825159373853,40.54156654650018,-2.9766850472383553,68.99199382474796,66.77148311821891,-2.220510706529055,0.0434073854194139,0.04097747961061968,-0.002429905808794222,1.939573884010315,1.913997046583925,-0.02557683742638983,0.0145276794210076,0.016230009207695878,0.0017023297866882777,602.6187744140625,599.4363288260788,-3.1824455879836933,393.2791137695313,385.64118552491607,-7.637928244615239,0.6514797561233108,0.6674751245236046,0.015995368400293808,6811379200.0,6335389133.92351,-475990066.0764904
GradientBoosting,pair_aware_velocity_interpolation,MMCELP4_AL6061_SS304_V08,Al6061->SS304,Al6061,SS304,680.0,8,,PASS_CEL_P4_CASE,False,40.17405609349533,39.86717802351647,-0.3068780699788576,71.01435262335012,69.37461835455542,-1.6397342687946974,0.0472265310236252,0.051843157103186516,0.0046166260795613145,1.9300637245178225,1.922870272801451,-0.007193451716371424,0.0164469387382268,0.03043764320649578,0.013990704468268979,613.158935546875,618.3128674461778,5.153931899302847,399.4102478027344,420.56085956610866,21.150611763374286,0.6628745249155406,0.6789608685402706,0.01608634362473005,7541570560.0,7403470203.855534,-138100356.1444664
GradientBoosting,pair_aware_velocity_interpolation,MMCELP4_AL6061_SS304_V09,Al6061->SS304,Al6061,SS304,702.5,9,,PASS_CEL_P4_CASE,False,35.874474877651444,35.301468163373364,-0.5730067142780797,72.91980821485562,72.27451639156482,-0.6452918232908047,0.0505901743963477,0.06312570508935111,0.012535530693003415,1.9907753467559812,2.155498401704782,0.1647230549488008,0.0185575354844331,0.03449532530673863,0.015937789822305527,633.0687255859375,633.8515729907336,0.7828474047961436,406.0269775390625,482.6906255145014,76.66364797543889,0.6843986222550675,0.6906057098449425,0.006207087589874982,7978577408.0,8200334194.134928,221756786.13492775
GradientBoosting,pair_aware_velocity_interpolation,MMCELP4_AL6061_SS304_V10,Al6061->SS304,Al6061,SS304,725.0,10,,PASS_CEL_P4_CASE,True,31.444728681368595,38.14671614831166,6.701987466943066,74.430824804356,70.40860617723388,-4.022218627122129,0.0537305686520994,0.08036661185230404,0.026636043200204636,2.1979613304138184,1.9807973892320336,-0.21716394118178473,0.0207446031272411,0.06620313564744709,0.04545853252020599,641.3214721679688,630.0739149773036,-11.247557190665134,419.06353759765625,450.85594157626565,31.7924039786094,0.6933205104518582,0.6927077535238262,-0.0006127569280319767,8295150080.0,11574280506.614271,3279130426.614271
GradientBoosting,pair_aware_velocity_interpolation,MMCELP4_CU_CU_V00,Cu->Cu,Cu,Cu,300.0,0,,PASS_CEL_P4_CASE,True,23.451065782531632,27.40915921406109,3.958093431529459,30.97533646372405,35.28489834424196,4.309561880517908,0.1769557820807676,0.23273858960290775,0.055782807522140154,0.9555360078811646,1.127560747539777,0.17202473965861254,0.1418847292661667,0.21708556103856524,0.07520083177239856,433.5928039550781,473.53481166887263,39.94200771379451,490.9577941894531,575.6044907930793,84.6466966036262,0.3620632700512191,0.43060878187997376,0.06854551182875468,4025972992.0,7571732806.253923,3545759814.2539234
GradientBoosting,pair_aware_velocity_interpolation,MMCELP4_CU_CU_V01,Cu->Cu,Cu,Cu,355.0,1,,PASS_CEL_P4_CASE,False,27.812176390067144,23.040759290279112,-4.771417099788032,34.41923506462904,32.559529728563525,-1.8597053360655167,0.2277456769661512,0.2188415143458968,-0.008904162620254397,1.1063930988311768,1.22635737656135,0.11996427773017326,0.2114320248365402,0.21269209137351117,0.0012600665369709718,468.7227783203125,514.5753398294513,45.85256150913881,571.447021484375,499.4886531788612,-71.95836830551377,0.4214211072893621,0.4539011900186738,0.03248008272931169,7086087680.0,9947613851.258554,2861526171.2585545
GradientBoosting,pair_aware_velocity_interpolation,MMCELP4_CU_CU_V02,Cu->Cu,Cu,Cu,410.0,2,,PASS_CEL_P4_CASE,False,29.120214472964573,26.49992042817766,-2.620294044786913,37.73277714641386,34.53517902284229,-3.1975981235715665,0.2820364170474931,0.2512281903094256,-0.03080822673806749,1.272550344467163,1.4152328383136794,0.14268249384651632,0.2848927080631256,0.2574264211345265,-0.027466286928599093,513.696044921875,551.1389263538092,37.44288143193421,636.7523193359375,577.8412822239745,-58.91103711196297,0.4695813564424317,0.47288030078242094,0.0032989443399892293,14053585920.0,7118888275.817116,-6934697644.182884
GradientBoosting,pair_aware_velocity_interpolation,MMCELP4_CU_CU_V03,Cu->Cu,Cu,Cu,465.0,3,,PASS_CEL_P4_CASE,False,30.943849284549174,27.87441527423485,-3.0694340103143247,40.681998957091935,37.20861453318928,-3.473384423902658,0.3381293208803981,0.30353011497845356,-0.03459920590194454,1.4287939071655271,1.5793588495685271,0.150564942403,0.3659149706363678,0.3148825017716911,-0.05103246886467672,550.9423828125,564.0721249158933,13.129742103393255,686.5767822265625,640.3875930485624,-46.189189178000106,0.5063250606390579,0.47903903240879886,-0.027286028230259052,9065197568.0,12100785084.787827,3035587516.7878265
GradientBoosting,pair_aware_velocity_interpolation,MMCELP4_CU_CU_V04,Cu->Cu,Cu,Cu,520.0,4,,PASS_CEL_P4_CASE,False,33.49750956958791,30.818584022856932,-2.67892554673098,42.096496734127015,39.61034428336956,-2.4861524507574586,0.3949583697249181,0.3516375297492942,-0.043320839975623915,1.5700541734695437,1.679483652193885,0.10942947872434128,0.4540076553821563,0.36294603708441076,-0.09106161829774556,584.4381713867188,578.9466464222634,-5.49152496445538,736.077880859375,679.824946089966,-56.25293476940897,0.5428302956190081,0.5225935983493354,-0.0202366972696727,10304609280.0,10082038869.308681,-222570410.6913185
GradientBoosting,pair_aware_velocity_interpolation,MMCELP4_CU_CU_V05,Cu->Cu,Cu,Cu,575.0,5,,PASS_CEL_P4_CASE,True,35.87791412256284,34.13643758495552,-1.7414765376073191,41.43419130487329,37.27783987011878,-4.156351434754505,0.4523328607319854,0.39198554650931355,-0.060347314222671866,1.70257568359375,1.7042133602782479,0.0016376766844978796,0.5468625426292419,0.45048682281425756,-0.09637571981498438,600.699951171875,582.9242853450983,-17.77566582677673,779.786865234375,737.8983313397192,-41.88853389465578,0.5750640599073562,0.5496232233550662,-0.025440836552290014,14577115136.0,10741151038.053009,-3835964097.946991
GradientBoosting,pair_aware_velocity_interpolation,MMCELP4_CU_CU_V06,Cu->Cu,Cu,Cu,630.0,6,,PASS_CEL_P4_CASE,False,37.84728553709725,40.09343568634823,2.2461501492509797,38.59387581953518,40.17668006321023,1.5828042436750493,0.5100997441331856,0.4494337930139408,-0.060665951119244776,1.8036293983459477,1.8714943366792278,0.06786493833328011,0.6388731002807617,0.591321892846459,-0.047551207434302745,610.6246948242188,615.1330478506792,4.508353026460441,804.2699584960938,794.0824580943462,-10.18750040174757,0.5931194384189482,0.5680354395684739,-0.0250839988504743,16229382144.0,15282940081.707096,-946442062.2929039
GradientBoosting,pair_aware_velocity_interpolation,MMCELP4_CU_CU_V07,Cu->Cu,Cu,Cu,685.0,7,,PASS_CEL_P4_CASE,False,39.07568426236323,40.33079412210401,1.2551098597407773,34.334759829016825,39.173099996036704,4.838340167019879,0.5688592500519007,0.5131183023176835,-0.05574094773421723,1.8953378200531008,1.8744954254376212,-0.020842394615479654,0.7397428154945374,0.637122671956834,-0.10262014353770332,623.776123046875,606.5271687071137,-17.248954339761326,825.1095581054688,781.2886923131822,-43.820865792286554,0.6084878747090477,0.6165314246542847,0.008043549945236927,17889632256.0,16059440364.678654,-1830191891.3213463
GradientBoosting,pair_aware_velocity_interpolation,MMCELP4_CU_CU_V08,Cu->Cu,Cu,Cu,740.0,8,,PASS_CEL_P4_CASE,False,40.81829240866014,39.509128591967276,-1.309163816692866,29.61384330404108,34.754234817761365,5.140391513720285,0.6292339821811765,0.5812482555179225,-0.04798572666325407,1.971268892288208,1.9408180330692621,-0.030450859218945858,0.8363637924194336,0.7993960559801625,-0.03696773643927109,631.1611328125,624.1761297149775,-6.985003097522508,849.6636962890625,784.9699767801019,-64.69371950896061,0.626595646230872,0.6556703922382813,0.029074746007409225,17817989120.0,17589465845.50773,-228523274.49227142
GradientBoosting,pair_aware_velocity_interpolation,MMCELP4_CU_CU_V09,Cu->Cu,Cu,Cu,795.0,9,,PASS_CEL_P4_CASE,False,41.39951039581093,39.27296279247438,-2.1265476033365474,25.415885007325752,29.45329633554375,4.037411328217999,0.6893528916407377,0.6860138390937502,-0.003339052546987409,2.06144118309021,2.131134657077103,0.06969347398689285,0.9399709701538086,0.9100844138168921,-0.029886556336916503,649.0888061523438,672.2852530023629,23.19644685001913,875.2357788085938,973.4277843175728,98.19200550897904,0.6454541141656296,0.7062922349186421,0.06083812075301254,18101176320.0,18619602754.509712,518426434.5097122
GradientBoosting,pair_aware_velocity_interpolation,MMCELP4_CU_CU_V10,Cu->Cu,Cu,Cu,850.0,10,,PASS_CEL_P4_CASE,True,40.65857247172016,67.98837645375323,27.32980398203307,22.011275135291985,25.94669384549702,3.9354187102050346,0.7496530452044681,0.6838427913800177,-0.06581025382445038,2.13987135887146,2.045098251843495,-0.09477310702796515,1.0341142416000366,0.9342750855055365,-0.09983915609450011,666.5433959960938,803.0597074229054,136.51631142681163,901.2720947265624,1068.4136587321243,167.14156400556192,0.6646549371139842,0.8492494492021804,0.18459451208819622,21233633280.0,17761209704.556877,-3472423575.443123
GradientBoosting,pair_aware_velocity_interpolation,MMCELP4_INCONEL718_TI6AL4V_V00,Inconel718->Ti6Al4V,Inconel718,Ti6Al4V,500.0,0,,PASS_CEL_P4_CASE,True,90.86814415582845,106.06603913050958,15.197894974681134,20.313833565569617,25.627654144761486,5.313820579191869,0.1427842471457552,0.1709000575645789,0.028115810418823717,0.5455921292304993,0.6012439363307713,0.055651807100272066,0.0747755840420723,0.10460726897857944,0.029831684936507147,578.3363647460938,605.3097748214179,26.973410075324182,744.9688720703125,958.0751014171034,213.10622934679088,0.3863946431899961,0.5090060860897967,0.12261144289980058,5901877248.0,6564743808.722435,662866560.722435
GradientBoosting,pair_aware_velocity_interpolation,MMCELP4_INCONEL718_TI6AL4V_V01,Inconel718->Ti6Al4V,Inconel718,Ti6Al4V,565.0,1,,PASS_CEL_P4_CASE,False,109.5983702402537,100.41418897062516,-9.184181269628539,22.206872388233226,21.353785583742585,-0.8530868044906406,0.1710305878077633,0.14145593140900223,-0.029574656398761084,0.60349440574646,0.5814962306428461,-0.021998175103613904,0.1015675291419029,0.08195465897734874,-0.019612870164554153,612.9817504882812,595.4757181325001,-17.506032355781144,954.5123901367188,824.7322861179927,-129.7801040187261,0.4950790405273437,0.6371117946941883,0.14203275416684463,6175411712.0,6182982938.081731,7571226.081730843
GradientBoosting,pair_aware_velocity_interpolation,MMCELP4_INCONEL718_TI6AL4V_V02,Inconel718->Ti6Al4V,Inconel718,Ti6Al4V,630.0,2,,PASS_CEL_P4_CASE,False,128.2459746782076,137.9646129691843,9.718638290976685,23.25385311384998,24.081390407911975,0.8275372940619938,0.2016117832681629,0.17056464512167804,-0.031047138146484854,0.6247341632843018,0.6274937625072594,0.002759599222957654,0.1369559317827224,0.11302656942248648,-0.023929362360235906,625.3604736328125,615.0293242060036,-10.331149426808906,1288.851806640625,1002.8885491082551,-285.9632575323699,0.668491600954681,0.5867662320020399,-0.08172536895264104,9216011264.0,6214865603.460232,-3001145660.539768
GradientBoosting,pair_aware_velocity_interpolation,MMCELP4_INCONEL718_TI6AL4V_V03,Inconel718->Ti6Al4V,Inconel718,Ti6Al4V,695.0,3,,PASS_CEL_P4_CASE,False,144.67032688755506,149.2024988975434,4.532172009988329,23.81344984629612,26.057158875462836,2.243709029166716,0.2348593443457503,0.19495309485746157,-0.03990624948828872,0.6454243659973145,0.6701102722834291,0.024685906286114667,0.1811950802803039,0.12477685996939224,-0.05641822031091166,634.4721069335938,622.4554135681125,-12.016693365481274,1579.49072265625,1148.9067240842332,-430.58399857201675,0.8192379266889264,0.7939778126245419,-0.025260114064384442,7953964032.0,8041495427.373914,87531395.37391376
GradientBoosting,pair_aware_velocity_interpolation,MMCELP4_INCONEL718_TI6AL4V_V04,Inconel718->Ti6Al4V,Inconel718,Ti6Al4V,760.0,4,,PASS_CEL_P4_CASE,False,159.13038300074746,164.09248741018024,4.962104409432783,24.394237778143182,27.548651899023817,3.1544141208806344,0.2725175909290556,0.2219895406327162,-0.05052805029633939,0.6580291986465454,0.6492281741425326,-0.008801024504012767,0.2290190160274505,0.15331973045076638,-0.07569928557668412,645.3873291015625,640.905636430367,-4.481692671195447,1764.7451171875,1503.1700665856654,-261.5750506018346,0.9153242309063796,0.7822054349173626,-0.133118795989017,8390772224.0,9604507739.836615,1213735515.8366146
GradientBoosting,pair_aware_velocity_interpolation,MMCELP4_INCONEL718_TI6AL4V_V05,Inconel718->Ti6Al4V,Inconel718,Ti6Al4V,825.0,5,NEAR_MELT_REVIEW,PASS_CEL_P4_CASE,True,172.07365212842308,171.90598760249094,-0.16766452593213899,25.54410243478586,28.3069084774933,2.7628060427074423,0.3120392284472473,0.27367000170626055,-0.03836922674098675,0.7125493288040161,0.6772221081217963,-0.03532722068221983,0.274111807346344,0.27571388141297276,0.001602074066628767,680.6773681640625,651.8084263297242,-28.86894183433833,1844.2757568359373,1764.876784878977,-79.39897195696017,0.9565745626742416,0.8680377596964072,-0.0885368029778344,9630139392.0,10960602222.874943,1330462830.8749428
GradientBoosting,pair_aware_velocity_interpolation,MMCELP4_INCONEL718_TI6AL4V_V06,Inconel718->Ti6Al4V,Inconel718,Ti6Al4V,890.0,6,NEAR_MELT_REVIEW,PASS_CEL_P4_CASE,False,181.9397083564696,177.19694047554628,-4.74276788092331,27.24169049305159,29.854980919565207,2.6132904265136183,0.3522172119119204,0.3105750985368762,-0.0416421133750442,0.7604994177818298,0.7949263209647977,0.034426903182967816,0.3204774260520935,0.288937422918125,-0.031540003133968486,754.5037231445312,682.3847927137381,-72.11893043079317,1885.7010498046875,1804.0069420111329,-81.69410779355462,0.9780607104796096,0.9276241260378135,-0.050436584441796106,11775314944.0,12160523584.283033,385208640.2830334
GradientBoosting,pair_aware_velocity_interpolation,MMCELP4_INCONEL718_TI6AL4V_V07,Inconel718->Ti6Al4V,Inconel718,Ti6Al4V,955.0,7,NEAR_MELT_REVIEW,PASS_CEL_P4_CASE,False,193.4685014373763,200.29461814030256,6.826116702926271,28.959277781567938,30.400751199402,1.441473417834061,0.3923467374988831,0.3594406287644153,-0.03290610873446781,0.8333325982093811,0.8439034383452771,0.010570840135896042,0.3660039603710174,0.3415114165232594,-0.024492543847758008,837.5016479492188,935.0339316814252,97.53228373220645,1916.6739501953125,1925.00432846655,8.330378271237578,0.9941254928398924,1.0068449050382247,0.01271941219833228,11744952320.0,14057896234.49155,2312943914.4915504
GradientBoosting,pair_aware_velocity_interpolation,MMCELP4_INCONEL718_TI6AL4V_V08,Inconel718->Ti6Al4V,Inconel718,Ti6Al4V,1020.0,8,NEAR_MELT_REVIEW,PASS_CEL_P4_CASE,False,202.48943781615736,201.00680380726587,-1.4826340088914947,30.89819686722632,30.898811773734558,0.000614906508236146,0.4314097895985469,0.40164613391759474,-0.029763655680952184,0.914595067501068,0.9288183268576307,0.014223259356562656,0.415949136018753,0.3769112314227657,-0.03903790459598727,944.4088134765624,934.1184780433105,-10.290335433251926,1920.986328125,1925.4770594609972,4.490731335997225,0.996362203384336,1.005097260852737,0.008735057468401086,17899638784.0,12202993926.1507,-5696644857.8493
GradientBoosting,pair_aware_velocity_interpolation,MMCELP4_INCONEL718_TI6AL4V_V09,Inconel718->Ti6Al4V,Inconel718,Ti6Al4V,1085.0,9,NEAR_MELT_REVIEW,PASS_CEL_P4_CASE,False,210.670040623692,206.20207542259294,-4.467965201099048,32.61029667907848,33.35329311423205,0.7429964351535716,0.4715891918749548,0.470440792184339,-0.001148399690615809,1.0084296464920044,1.0954180340730686,0.0869883875810642,0.4624225199222564,0.45478099716751574,-0.0076415227547406706,942.8836059570312,1035.0649167381453,92.18131078111401,1922.873779296875,1928.696597132258,5.822817835382921,0.9973411718344788,1.003428183167456,0.006087011332977288,12018502656.0,16923191823.571127,4904689167.571127
GradientBoosting,pair_aware_velocity_interpolation,MMCELP4_INCONEL718_TI6AL4V_V10,Inconel718->Ti6Al4V,Inconel718,Ti6Al4V,1150.0,10,PEEQ_MAX_REVIEW;NEAR_MELT_REVIEW,PASS_CEL_P4_CASE,True,216.35016608831003,209.75757220999427,-6.592593878315768,34.31058000296023,32.209110623309535,-2.1014693796506947,0.5093639265396632,0.4660229096586237,-0.04334101688103953,1.1144793033599854,0.997527628450088,-0.11695167490989733,0.5108830332756042,0.44996374178296605,-0.060919291492638195,1031.7933349609375,949.3081199560442,-82.48521500489335,1927.9344482421875,1918.2560463134646,-9.678401928722906,0.999966000125616,0.997170389073393,-0.002795611052223035,16359011328.0,12884202529.72782,-3474808798.2721806
GradientBoosting,pair_aware_velocity_interpolation,MMCELP4_TI6AL4V_TI6AL4V_V00,Ti6Al4V->Ti6Al4V,Ti6Al4V,Ti6Al4V,500.0,0,,PASS_CEL_P4_CASE,True,85.29434884584396,91.99022483707763,6.695875991233677,17.04523574545537,24.984847920729976,7.939612175274608,0.0724238134353072,0.08901044797250529,0.016586634537198094,0.512882649898529,0.6201556948336737,0.10727304493514467,0.0239270739257335,0.037228894637640314,0.013301820711906814,663.1607666015625,728.635216473752,65.47444987218955,525.1722412109375,620.1177525063138,94.94551129537626,0.343963053216578,0.3825929236220702,0.038629870405492206,6963420672.0,6588005790.561282,-375414881.43871784
GradientBoosting,pair_aware_velocity_interpolation,MMCELP4_TI6AL4V_TI6AL4V_V01,Ti6Al4V->Ti6Al4V,Ti6Al4V,Ti6Al4V,565.0,1,,PASS_CEL_P4_CASE,False,90.67398857115738,87.66903677342572,-3.004951797731664,20.14153517025823,17.985535369352238,-2.1559998009059917,0.0856950555316871,0.07831662030406733,-0.007378435227619773,0.582818865776062,0.5339876806824103,-0.0488311850936517,0.0355393849313259,0.031192129416831804,-0.004347255514494094,723.3856811523438,691.3745589916148,-32.01112216072897,610.9144897460938,555.7336784660945,-55.18081127999926,0.3752000420914646,0.3987944710812772,0.023594428989812566,6705716736.0,6654482727.586878,-51234008.41312218
GradientBoosting,pair_aware_velocity_interpolation,MMCELP4_TI6AL4V_TI6AL4V_V02,Ti6Al4V->Ti6Al4V,Ti6Al4V,Ti6Al4V,630.0,2,,PASS_CEL_P4_CASE,False,97.08379274250284,94.93970439174225,-2.1440883507605832,22.922535011629986,21.933892356158168,-0.9886426554718177,0.1017550857795868,0.08913549813409169,-0.012619587645495117,0.64458829164505,0.6638207381669426,0.0192324465218926,0.0482398495078086,0.0368546312800872,-0.0113852182277214,780.3802490234375,754.0926505102002,-26.2875985132373,726.669189453125,650.3865133424384,-76.28267611068657,0.4047615399499157,0.4048880461812267,0.00012650623131099659,7745701888.0,6315249458.129346,-1430452429.870654
GradientBoosting,pair_aware_velocity_interpolation,MMCELP4_TI6AL4V_TI6AL4V_V03,Ti6Al4V->Ti6Al4V,Ti6Al4V,Ti6Al4V,695.0,3,,PASS_CEL_P4_CASE,False,107.24120577246474,100.29846989612393,-6.942735876340805,25.242919957946413,23.624334140455986,-1.6185858174904268,0.1193444131786236,0.09485890422798005,-0.024485508950643553,0.7204343676567078,0.7442031128739425,0.02376874521723471,0.0629952102899551,0.03472739783694079,-0.02826781245301431,843.3167114257812,800.5332097248322,-42.783501700949046,900.1910400390625,676.7937003752459,-223.39733966381664,0.4669040664103021,0.5661340282218227,0.0992299618115206,6879916032.0,7860041522.181066,980125490.1810656
GradientBoosting,pair_aware_velocity_interpolation,MMCELP4_TI6AL4V_TI6AL4V_V04,Ti6Al4V->Ti6Al4V,Ti6Al4V,Ti6Al4V,760.0,4,,PASS_CEL_P4_CASE,False,122.44707273115505,106.34999940714941,-16.097073324005635,27.00444640128679,25.635732977156714,-1.3687134241300747,0.1378610886604292,0.1213916407349401,-0.0164694479254891,0.7867133617401123,0.7210240891409049,-0.06568927259920743,0.0810173749923706,0.06717673335068478,-0.01384064164168583,895.3693237304688,843.8340963784855,-51.53522735198328,1074.137939453125,927.7204718612139,-146.41746759191108,0.5571254872682183,0.6223573108218962,0.06523182355367785,7307118592.0,8809085372.520975,1501966780.520975
GradientBoosting,pair_aware_velocity_interpolation,MMCELP4_TI6AL4V_TI6AL4V_V05,Ti6Al4V->Ti6Al4V,Ti6Al4V,Ti6Al4V,825.0,5,,PASS_CEL_P4_CASE,True,141.05559194135768,122.97879709989692,-18.076794841460753,28.47290050536442,26.418055194737004,-2.0548453106274174,0.1568954212416429,0.14250782112806107,-0.014387600113581839,0.8462955951690674,0.7639285018429504,-0.08236709332611702,0.1022872254252433,0.093729768261649,-0.008557457163594295,945.1976318359376,882.6444852963617,-62.55314653957589,1304.084228515625,1320.043051098069,15.9588225824441,0.6763922347072744,0.6119984722949293,-0.06439376241234507,10485992448.0,8171230656.555095,-2314761791.4449053
GradientBoosting,pair_aware_velocity_interpolation,MMCELP4_TI6AL4V_TI6AL4V_V06,Ti6Al4V->Ti6Al4V,Ti6Al4V,Ti6Al4V,890.0,6,,PASS_CEL_P4_CASE,False,157.18767782435762,142.81391948334104,-14.373758341016583,29.938133373791583,28.382159010752602,-1.555974363038981,0.1774288284650538,0.1586724355182425,-0.018756392946811307,0.9101993441581726,0.9027000159279325,-0.007499328230240132,0.1272137314081192,0.11088962028063393,-0.016324111127485275,999.1552734375,916.437583972374,-82.717689465126,1526.3358154296875,1541.1777373193454,14.841921889657897,0.7916679540610412,0.7288626837198515,-0.06280527034118966,13062705152.0,10343104814.184557,-2719600337.815443
GradientBoosting,pair_aware_velocity_interpolation,MMCELP4_TI6AL4V_TI6AL4V_V07,Ti6Al4V->Ti6Al4V,Ti6Al4V,Ti6Al4V,955.0,7,,PASS_CEL_P4_CASE,False,170.2306314446482,170.05392859606647,-0.17670284858172636,31.48063364187899,29.59440593803445,-1.8862277038445399,0.196910259546712,0.2011351257640095,0.004224866217297479,0.9698036313056946,0.9535392106091103,-0.016264420696584292,0.1562209278345108,0.16289373414633124,0.006672806311820434,1060.16259765625,1138.982818432657,78.82022077640704,1693.6983642578125,1642.2845888312045,-51.41377542660803,0.8784742553204422,0.8543372639455298,-0.02413699137491243,12870937600.0,13111067711.723465,240130111.72346497
GradientBoosting,pair_aware_velocity_interpolation,MMCELP4_TI6AL4V_TI6AL4V_V08,Ti6Al4V->Ti6Al4V,Ti6Al4V,Ti6Al4V,1020.0,8,,PASS_CEL_P4_CASE,False,182.6187318186088,182.48494787741026,-0.1337839411985442,33.117244925027926,30.623719024896268,-2.493525900131658,0.2188415237469598,0.18141884887709214,-0.03742267486986767,1.0329302549362185,1.0388069194544494,0.0058766645182308785,0.1860433369874954,0.13203365704124692,-0.05400967994624847,1122.079833984375,1185.4591739668383,63.37933998246331,1765.745361328125,1747.323914015933,-18.421447312191958,0.9158430297345048,0.9121166152259541,-0.0037264145085507128,14642691072.0,12583257049.355705,-2059434022.6442947
GradientBoosting,pair_aware_velocity_interpolation,MMCELP4_TI6AL4V_TI6AL4V_V09,Ti6Al4V->Ti6Al4V,Ti6Al4V,Ti6Al4V,1085.0,9,,PASS_CEL_P4_CASE,False,190.40004138669616,187.12239370346435,-3.2776476832318053,34.80175800244122,34.185995217511376,-0.6157627849298422,0.2408290492894593,0.29211508940309483,0.05128604011363552,1.0958409309387207,1.1701720382363172,0.07433110729759651,0.2192915827035904,0.2791690048871651,0.059877422183574724,1204.4371337890625,1253.2170372841924,48.77990349512993,1802.181640625,1806.707632619984,4.525991994983997,0.9347415148469918,0.9359755650731059,0.001234050226114114,13853271040.0,14999535956.470394,1146264916.4703941
GradientBoosting,pair_aware_velocity_interpolation,MMCELP4_TI6AL4V_TI6AL4V_V10,Ti6Al4V->Ti6Al4V,Ti6Al4V,Ti6Al4V,1150.0,10,NEAR_MELT_REVIEW,PASS_CEL_P4_CASE,True,200.1962698268956,189.40410253416087,-10.792167292734717,36.517377642737,34.4173185315074,-2.100059111229605,0.264530553977238,0.3486757069382663,0.08414515296102831,1.1649948358535769,1.0913910410211847,-0.07360379483239221,0.2522788345813751,0.28170411011500673,0.029425275533631612,1277.01123046875,1188.7727347679063,-88.23849570084371,1843.3641357421875,1786.2231021026223,-57.141033639565194,0.9561017301567364,0.9190287436256319,-0.03707298653110447,15595612160.0,13419955880.973885,-2175656279.0261154
GradientBoosting,leave_one_pair_out_boundary_audit,MMCELP4_AL6061_SS304_V00,Al6061->SS304,Al6061,SS304,500.0,0,,PASS_CEL_P4_CASE,True,18.043974421140515,66.44465384140015,48.400679420259635,45.920668854891936,21.556005087303788,-24.364663767588148,0.0242738747147086,0.13827523497505753,0.11400136026034893,1.668180227279663,0.6494881848709239,-1.0186920424087393,0.0046868380159139,0.06355309910690848,0.05886626109099458,573.2646484375,601.0985728911207,27.83392445362074,346.1105651855469,584.2899160185806,238.1793508330337,0.6197455658783784,0.3966486391523027,-0.22309692672607567,4404755456.0,6248480690.425354,1843725234.425354
GradientBoosting,leave_one_pair_out_boundary_audit,MMCELP4_AL6061_SS304_V01,Al6061->SS304,Al6061,SS304,522.5,1,,PASS_CEL_P4_CASE,False,21.591865991018583,73.31957491320514,51.727708922186565,50.10490815246885,23.269543461125014,-26.835364691343838,0.0266323650066624,0.146693456130065,0.12006109112340259,1.7879618406295776,0.6932117588458768,-1.0947500817837008,0.005771396216005,0.074556469555006,0.068785073339001,581.5857543945312,624.9433192011181,43.35756480658688,350.8030090332031,699.9701279192955,349.16711888609234,0.628741356102196,0.4409854114044369,-0.18775594469775903,4573826560.0,6248480690.425354,1674654130.425354
GradientBoosting,leave_one_pair_out_boundary_audit,MMCELP4_AL6061_SS304_V02,Al6061->SS304,Al6061,SS304,545.0,2,,PASS_CEL_P4_CASE,False,26.525303023965247,79.49933439397587,52.97403137001062,53.78097508895565,26.44414344159641,-27.33683164735924,0.0295170684694312,0.16627026973803097,0.13675320126859977,1.8031163215637207,0.6932117588458768,-1.1099045627178439,0.0069258143194019,0.09468528991301506,0.08775947559361316,587.7904663085938,647.2724463716111,59.48198006301732,357.0417175292969,788.1006689499984,431.05895142070153,0.6354491527660473,0.4828867923953882,-0.15256236037065912,4463964160.0,7393679698.645157,2929715538.645157
GradientBoosting,leave_one_pair_out_boundary_audit,MMCELP4_AL6061_SS304_V03,Al6061->SS304,Al6061,SS304,567.5,3,,PASS_CEL_P4_CASE,False,32.4137395448175,85.96532494605056,53.551585401233055,57.49974160071498,27.327670432316335,-30.17207116839864,0.0316800469590816,0.20259534801816836,0.17091530105908675,1.653112292289734,0.7246871427171371,-0.928425149572597,0.0081996228545904,0.13395937429022506,0.12575975143563467,580.0794677734375,654.562742074617,74.48327430117945,364.5654602050781,857.9915433042008,493.4260830991227,0.6271129381334459,0.5815716300789459,-0.045541308054500074,4873634816.0,8187115545.141216,3313480729.1412163
GradientBoosting,leave_one_pair_out_boundary_audit,MMCELP4_AL6061_SS304_V04,Al6061->SS304,Al6061,SS304,590.0,4,,PASS_CEL_P4_CASE,False,38.05064691090263,85.96532494605056,47.91467803514793,61.24506574612736,27.327670432316335,-33.91739531381103,0.034450238217687,0.2075416865622649,0.1730914483445779,1.7630763053894043,0.7246871427171371,-1.0383891626722672,0.0095267239958047,0.13975278359334792,0.13022605959754321,584.3697509765625,654.562742074617,70.19299109805445,370.8575134277344,930.3685101792062,559.5109967514718,0.6317510821368243,0.6158497256239656,-0.015901356512858733,5088556032.0,8187115545.141216,3098559513.1412163
GradientBoosting,leave_one_pair_out_boundary_audit,MMCELP4_AL6061_SS304_V05,Al6061->SS304,Al6061,SS304,612.5,5,,PASS_CEL_P4_CASE,False,42.47747075793358,91.04073972987398,48.563268971940396,64.34410045167118,25.616032976848743,-38.72806747482244,0.0378255413124861,0.22807842497955017,0.19025288366706405,1.8607378005981443,0.7426713486713019,-1.1180664519268424,0.0111608561128377,0.16567924195338724,0.15451838584054953,590.1805419921875,660.664933912665,70.48439192047749,376.8821411132813,992.1140995441566,615.2319584308752,0.6380330183699324,0.6376653052013448,-0.0003677131685876356,5760931840.0,10260119428.809,4499187588.809
GradientBoosting,leave_one_pair_out_boundary_audit,MMCELP4_AL6061_SS304_V06,Al6061->SS304,Al6061,SS304,635.0,6,,PASS_CEL_P4_CASE,False,44.56743548437754,93.90902607188225,49.34159058750471,66.81030585142365,29.474166263465666,-37.33613958795799,0.041099265217781,0.22948646291621783,0.18838719769843681,1.9218974113464355,0.8169466762484283,-1.1049507350980072,0.0128129823133349,0.1678663646826368,0.15505338236930188,596.7991943359375,660.664933912665,63.86573957672749,383.4448852539063,985.7058867354766,602.2610014815702,0.6451883182010135,0.6376653052013448,-0.007523012999668732,6028742656.0,12500560650.254995,6471817994.254995
GradientBoosting,leave_one_pair_out_boundary_audit,MMCELP4_AL6061_SS304_V07,Al6061->SS304,Al6061,SS304,657.5,7,,PASS_CEL_P4_CASE,False,43.51825159373853,97.18516388462756,53.66691229088902,68.99199382474796,29.417902452575646,-39.57409137217232,0.0434073854194139,0.23151442862082813,0.18810704320141425,1.939573884010315,0.8328758416689959,-1.106698042341319,0.0145276794210076,0.17424395537448364,0.15971627595347604,602.6187744140625,662.355669816145,59.736895402082496,393.2791137695313,985.7058867354766,592.4267729659452,0.6514797561233108,0.6834701998627833,0.031990443739472574,6811379200.0,12580680046.9487,5769300846.9487
GradientBoosting,leave_one_pair_out_boundary_audit,MMCELP4_AL6061_SS304_V08,Al6061->SS304,Al6061,SS304,680.0,8,,PASS_CEL_P4_CASE,False,40.17405609349533,97.18516388462756,57.011107791132225,71.01435262335012,29.65414607988633,-41.36020654346379,0.0472265310236252,0.2677010368385502,0.22047450581492498,1.9300637245178225,0.8531834398488976,-1.076880284668925,0.0164469387382268,0.21759329765972094,0.20114635892149413,613.158935546875,662.355669816145,49.196734269269996,399.4102478027344,993.3244237631976,593.9141759604632,0.6628745249155406,0.6939305940009145,0.03105606908537395,7541570560.0,14843236283.383875,7301665723.383875
GradientBoosting,leave_one_pair_out_boundary_audit,MMCELP4_AL6061_SS304_V09,Al6061->SS304,Al6061,SS304,702.5,9,,PASS_CEL_P4_CASE,False,35.874474877651444,108.61373488367171,72.73926000602026,72.91980821485562,30.59232577835994,-42.327482436495686,0.0505901743963477,0.28481586559661193,0.23422569120026424,1.9907753467559812,0.8837248661363158,-1.1070504806196655,0.0185575354844331,0.22888523017526033,0.21032769469082724,633.0687255859375,686.7134268959593,53.64470131002179,406.0269775390625,1160.107607142988,754.0806296039254,0.6843986222550675,0.7106996991277639,0.02630107687269634,7978577408.0,14799445916.918245,6820868508.918245
GradientBoosting,leave_one_pair_out_boundary_audit,MMCELP4_AL6061_SS304_V10,Al6061->SS304,Al6061,SS304,725.0,10,,PASS_CEL_P4_CASE,True,31.444728681368595,108.61373488367171,77.16900620230311,74.430824804356,29.121293351855474,-45.309531452500536,0.0537305686520994,0.3248524119296125,0.2711218432775131,2.1979613304138184,0.9203601933617882,-1.2776011370520302,0.0207446031272411,0.28135341511561823,0.26060881198837715,641.3214721679688,691.0054892994392,49.684017131470455,419.06353759765625,1160.107607142988,741.0440695453317,0.6933205104518582,0.7106996991277639,0.01737918867590571,8295150080.0,15917331683.252995,7622181603.252995
GradientBoosting,leave_one_pair_out_boundary_audit,MMCELP4_CU_CU_V00,Cu->Cu,Cu,Cu,300.0,0,,PASS_CEL_P4_CASE,True,23.451065782531632,91.00441794950733,67.5533521669757,30.97533646372405,31.194045739589324,0.21870927586527245,0.1769557820807676,0.29949274200609854,0.12253695992533095,0.9555360078811646,1.1045974831336227,0.14906147525245816,0.1418847292661667,0.3418302721961521,0.1999455429299854,433.5928039550781,627.92562352775,194.33281957267184,490.9577941894531,780.793922287935,289.8361280984818,0.3620632700512191,0.829890531948287,0.4678272618970679,4025972992.0,6911758818.744307,2885785826.7443066
GradientBoosting,leave_one_pair_out_boundary_audit,MMCELP4_CU_CU_V01,Cu->Cu,Cu,Cu,355.0,1,,PASS_CEL_P4_CASE,False,27.812176390067144,91.57362446316938,63.76144807310224,34.41923506462904,32.24350350066178,-2.175731563967261,0.2277456769661512,0.3019057060573842,0.07416002909123301,1.1063930988311768,1.1420317575570442,0.03563865872586747,0.2114320248365402,0.3449167945347723,0.13348476969823211,468.7227783203125,630.2410549417727,161.51827662146025,571.447021484375,786.9763027315278,215.52928124715277,0.4214211072893621,0.829890531948287,0.4084694246589249,7086087680.0,6911758818.744307,-174328861.25569344
GradientBoosting,leave_one_pair_out_boundary_audit,MMCELP4_CU_CU_V02,Cu->Cu,Cu,Cu,410.0,2,,PASS_CEL_P4_CASE,False,29.120214472964573,92.15735829691121,63.037143823946636,37.73277714641386,33.44066110799207,-4.2921160384217885,0.2820364170474931,0.3030087286025546,0.020972311555061518,1.272550344467163,1.1549344082664696,-0.11761593620069344,0.2848927080631256,0.34934323796372724,0.06445052990060163,513.696044921875,637.7311333657406,124.03508844386556,636.7523193359375,810.6536001786105,173.90128084267303,0.4695813564424317,0.829890531948287,0.3603091755058553,14053585920.0,6911758818.744307,-7141827101.255693
GradientBoosting,leave_one_pair_out_boundary_audit,MMCELP4_CU_CU_V03,Cu->Cu,Cu,Cu,465.0,3,,PASS_CEL_P4_CASE,False,30.943849284549174,92.90091040980545,61.957061125256274,40.681998957091935,33.950558297242864,-6.731440659849071,0.3381293208803981,0.30548524485636736,-0.032644076024030744,1.4287939071655271,1.1541975853143374,-0.27459632185118976,0.3659149706363678,0.34934323796372724,-0.01657173267264056,550.9423828125,640.0602628781073,89.11788006560732,686.5767822265625,811.0339881076079,124.45720588104541,0.5063250606390579,0.829565758709623,0.3232406980705651,9065197568.0,6524326096.643399,-2540871471.3566008
GradientBoosting,leave_one_pair_out_boundary_audit,MMCELP4_CU_CU_V04,Cu->Cu,Cu,Cu,520.0,4,,PASS_CEL_P4_CASE,False,33.49750956958791,86.94959406314653,53.45208449355862,42.096496734127015,35.7735075094199,-6.322989224707115,0.3949583697249181,0.3066701496714703,-0.08828822005344777,1.5700541734695437,1.1755552352552385,-0.39449893821430515,0.4540076553821563,0.35023510760073506,-0.10377254778142125,584.4381713867188,642.1267927593631,57.68862137264432,736.077880859375,756.020126104996,19.942245245621052,0.5428302956190081,0.829565758709623,0.28673546309061493,10304609280.0,6524326096.643399,-3780283183.3566008
GradientBoosting,leave_one_pair_out_boundary_audit,MMCELP4_CU_CU_V05,Cu->Cu,Cu,Cu,575.0,5,,PASS_CEL_P4_CASE,True,35.87791412256284,91.18015777973325,55.30224365717041,41.43419130487329,37.63799280118256,-3.796198503690725,0.4523328607319854,0.31324976579310715,-0.13908309493887827,1.70257568359375,1.188034475793281,-0.514541207800469,0.5468625426292419,0.3517992760487714,-0.19506326658047052,600.699951171875,651.5812715632203,50.8813203913453,779.786865234375,804.6267746812563,24.83990944688128,0.5750640599073562,0.8116026520472781,0.2365385921399219,14577115136.0,6524326096.643399,-8052789039.356601
GradientBoosting,leave_one_pair_out_boundary_audit,MMCELP4_CU_CU_V06,Cu->Cu,Cu,Cu,630.0,6,,PASS_CEL_P4_CASE,False,37.84728553709725,95.05430155088294,57.20701601378569,38.59387581953518,39.84776220021543,1.2538863806802496,0.5100997441331856,0.316845036821362,-0.1932547073118236,1.8036293983459477,1.26335046006997,-0.5402789382759776,0.6388731002807617,0.357104247074624,-0.2817688532061377,610.6246948242188,675.0819730112112,64.45727818699243,804.2699584960938,850.4639123102576,46.19395381416382,0.5931194384189482,0.8222121622730384,0.22909272385409019,16229382144.0,7952744217.064377,-8276637926.935623
GradientBoosting,leave_one_pair_out_boundary_audit,MMCELP4_CU_CU_V07,Cu->Cu,Cu,Cu,685.0,7,,PASS_CEL_P4_CASE,False,39.07568426236323,94.99063993036484,55.9149556680016,34.334759829016825,40.84214642842938,6.5073865994125555,0.5688592500519007,0.3187790128237781,-0.25008023722812267,1.8953378200531008,1.2987778700936587,-0.5965599499594421,0.7397428154945374,0.3601404760988616,-0.3796023393956758,623.776123046875,675.6096782484401,51.833555201565105,825.1095581054688,850.4639123102576,25.35435420478882,0.6084878747090477,0.8222121622730384,0.21372428756399064,17889632256.0,8018301897.685412,-9871330358.314587
GradientBoosting,leave_one_pair_out_boundary_audit,MMCELP4_CU_CU_V08,Cu->Cu,Cu,Cu,740.0,8,,PASS_CEL_P4_CASE,False,40.81829240866014,93.52364586237688,52.70535345371674,29.61384330404108,42.2714840450109,12.657640740969821,0.6292339821811765,0.32367490148328687,-0.3055590806978897,1.971268892288208,1.3526074444682181,-0.6186614478199899,0.8363637924194336,0.363453885543322,-0.4729099068761116,631.1611328125,715.6763416001681,84.51520878766814,849.6636962890625,941.6697922558105,92.00609596674803,0.626595646230872,0.8369447743406695,0.21034912810979745,17817989120.0,8677805190.867762,-9140183929.132238
GradientBoosting,leave_one_pair_out_boundary_audit,MMCELP4_CU_CU_V09,Cu->Cu,Cu,Cu,795.0,9,,PASS_CEL_P4_CASE,False,41.39951039581093,172.29015033744852,130.8906399416376,25.415885007325752,43.63651802576873,18.220633018442978,0.6893528916407377,0.37771786074504,-0.31163503089569766,2.06144118309021,1.4005889755402174,-0.6608522075499925,0.9399709701538086,0.37330571231003395,-0.5666652578437746,649.0888061523438,826.4772372492398,177.38843109689606,875.2357788085938,1647.2779818386784,772.0422030300847,0.6454541141656296,0.8856023123666005,0.24014819820097089,18101176320.0,10083410411.753971,-8017765908.246029
GradientBoosting,leave_one_pair_out_boundary_audit,MMCELP4_CU_CU_V10,Cu->Cu,Cu,Cu,850.0,10,,PASS_CEL_P4_CASE,True,40.65857247172016,172.12933373849216,131.470761266772,22.011275135291985,44.679329539137505,22.66805440384552,0.7496530452044681,0.379949647807993,-0.36970339739647506,2.13987135887146,1.4711213307462814,-0.6687500281251786,1.0341142416000366,0.37957640274737403,-0.6545378388526626,666.5433959960938,829.5017374055034,162.95834140940963,901.2720947265624,1647.2779818386784,746.005887112116,0.6646549371139842,0.8861819494492784,0.22152701233529426,21233633280.0,11810565077.323874,-9423068202.676126
GradientBoosting,leave_one_pair_out_boundary_audit,MMCELP4_INCONEL718_TI6AL4V_V00,Inconel718->Ti6Al4V,Inconel718,Ti6Al4V,500.0,0,,PASS_CEL_P4_CASE,True,90.86814415582845,68.18185465101722,-22.686289504811228,20.313833565569617,24.093068736268208,3.779235170698591,0.1427842471457552,0.07632166202792506,-0.06646258511783013,0.5455921292304993,0.8532994455441142,0.3077073163136149,0.0747755840420723,0.036357072441825455,-0.03841851160024684,578.3363647460938,645.1749091967819,66.83854445068812,744.9688720703125,518.8554151938567,-226.11345687645576,0.3863946431899961,0.3952188603748637,0.008824217184867589,5901877248.0,6368735894.654211,466858646.65421104
GradientBoosting,leave_one_pair_out_boundary_audit,MMCELP4_INCONEL718_TI6AL4V_V01,Inconel718->Ti6Al4V,Inconel718,Ti6Al4V,565.0,1,,PASS_CEL_P4_CASE,False,109.5983702402537,73.76942649069255,-35.82894374956115,22.206872388233226,26.739053665487823,4.5321812772545975,0.1710305878077633,0.08582676293101116,-0.08520382487675215,0.60349440574646,0.9888064821688347,0.38531207642237475,0.1015675291419029,0.038217316314398675,-0.06335021282750422,612.9817504882812,680.0527111787782,67.07096069049692,954.5123901367188,576.4372978659118,-378.075092270807,0.4950790405273437,0.47541053416218465,-0.019668506365159044,6175411712.0,6249282654.719941,73870942.71994114
GradientBoosting,leave_one_pair_out_boundary_audit,MMCELP4_INCONEL718_TI6AL4V_V02,Inconel718->Ti6Al4V,Inconel718,Ti6Al4V,630.0,2,,PASS_CEL_P4_CASE,False,128.2459746782076,89.572237300546,-38.673737377661595,23.25385311384998,34.91195795228766,11.658104838437676,0.2016117832681629,0.09532173475303753,-0.10629004851512537,0.6247341632843018,1.0283368923013814,0.4036027290170796,0.1369559317827224,0.04338751105290409,-0.0935684207298183,625.3604736328125,723.4427424639533,98.08226883114082,1288.851806640625,648.8029342085504,-640.0488724320746,0.668491600954681,0.508932774316019,-0.15955882663866194,9216011264.0,6818386699.227032,-2397624564.7729683
GradientBoosting,leave_one_pair_out_boundary_audit,MMCELP4_INCONEL718_TI6AL4V_V03,Inconel718->Ti6Al4V,Inconel718,Ti6Al4V,695.0,3,,PASS_CEL_P4_CASE,False,144.67032688755506,96.31545898983,-48.35486789772506,23.81344984629612,38.44265869583499,14.629208849538873,0.2348593443457503,0.09929508448166137,-0.13556425986408893,0.6454243659973145,1.0668168034602128,0.42139243746289834,0.1811950802803039,0.04552257742341978,-0.13567250285688412,634.4721069335938,768.2128243104576,133.7407173768638,1579.49072265625,710.6195751884323,-868.8711474678177,0.8192379266889264,0.536823427375545,-0.28241449931338136,7953964032.0,6885860651.412374,-1068103380.5876265
GradientBoosting,leave_one_pair_out_boundary_audit,MMCELP4_INCONEL718_TI6AL4V_V04,Inconel718->Ti6Al4V,Inconel718,Ti6Al4V,760.0,4,,PASS_CEL_P4_CASE,False,159.13038300074746,107.27543331676372,-51.85494968398373,24.394237778143182,37.67494334581753,13.28070556767435,0.2725175909290556,0.13858812760699651,-0.13392946332205907,0.6580291986465454,1.1097870373865908,0.4517578387400454,0.2290190160274505,0.08334160143111918,-0.14567741459633132,645.3873291015625,824.7294864763285,179.34215737476597,1764.7451171875,984.0988879096991,-780.6462292778009,0.9153242309063796,0.5870642941094844,-0.32825993679689525,8390772224.0,7570733617.690161,-820038606.3098392
GradientBoosting,leave_one_pair_out_boundary_audit,MMCELP4_INCONEL718_TI6AL4V_V05,Inconel718->Ti6Al4V,Inconel718,Ti6Al4V,825.0,5,NEAR_MELT_REVIEW,PASS_CEL_P4_CASE,True,172.07365212842308,113.25512136940196,-58.818530759021115,25.54410243478586,39.524575875344304,13.980473440558445,0.3120392284472473,0.16818849038429629,-0.143850738062951,0.7125493288040161,1.197531177036974,0.484981848232958,0.274111807346344,0.11622981442056025,-0.15788199292578375,680.6773681640625,860.6274262803302,179.95005811626766,1844.2757568359373,1148.7204027787627,-695.5553540571746,0.9565745626742416,0.6714329960768959,-0.2851415665973457,9630139392.0,11189545910.992727,1559406518.9927273
GradientBoosting,leave_one_pair_out_boundary_audit,MMCELP4_INCONEL718_TI6AL4V_V06,Inconel718->Ti6Al4V,Inconel718,Ti6Al4V,890.0,6,NEAR_MELT_REVIEW,PASS_CEL_P4_CASE,False,181.9397083564696,133.10748456048248,-48.83222379598712,27.24169049305159,39.524575875344304,12.282885382292715,0.3522172119119204,0.2439233063347348,-0.1082939055771856,0.7604994177818298,1.2392573301310426,0.4787579123492127,0.3204774260520935,0.22990165942523133,-0.09057576662686218,754.5037231445312,1008.5940691053386,254.09034596080733,1885.7010498046875,1475.737856452124,-409.9631933525634,0.9780607104796096,0.8107940671692813,-0.16726664331032837,11775314944.0,13909194418.897367,2133879474.8973675
GradientBoosting,leave_one_pair_out_boundary_audit,MMCELP4_INCONEL718_TI6AL4V_V07,Inconel718->Ti6Al4V,Inconel718,Ti6Al4V,955.0,7,NEAR_MELT_REVIEW,PASS_CEL_P4_CASE,False,193.4685014373763,142.72542610216055,-50.743075335215735,28.959277781567938,39.524575875344304,10.565298093776367,0.3923467374988831,0.2536767956443459,-0.13866994185453718,0.8333325982093811,1.2756274572949962,0.44229485908561506,0.3660039603710174,0.24544527741190927,-0.12055868295910813,837.5016479492188,1061.1947105580698,223.69306260885105,1916.6739501953125,1618.493826584795,-298.1801236105175,0.9941254928398924,0.8862134943200894,-0.10791199851980293,11744952320.0,14362131239.245481,2617178919.2454815
GradientBoosting,leave_one_pair_out_boundary_audit,MMCELP4_INCONEL718_TI6AL4V_V08,Inconel718->Ti6Al4V,Inconel718,Ti6Al4V,1020.0,8,NEAR_MELT_REVIEW,PASS_CEL_P4_CASE,False,202.48943781615736,154.43116505210764,-48.05827276404972,30.89819686722632,39.72817940762568,8.82998254039936,0.4314097895985469,0.2536767956443459,-0.177732993954201,0.914595067501068,1.3169540228078431,0.4023589553067751,0.415949136018753,0.24544527741190927,-0.17050385860684372,944.4088134765624,1110.5063215221385,166.0975080455761,1920.986328125,1680.2487639842284,-240.7375641407716,0.996362203384336,0.9115325090963531,-0.08482969428798293,17899638784.0,14847319243.174063,-3052319540.8259373
GradientBoosting,leave_one_pair_out_boundary_audit,MMCELP4_INCONEL718_TI6AL4V_V09,Inconel718->Ti6Al4V,Inconel718,Ti6Al4V,1085.0,9,NEAR_MELT_REVIEW,PASS_CEL_P4_CASE,False,210.670040623692,160.79371585788067,-49.87632476581132,32.61029667907848,40.25742477541901,7.647128096340531,0.4715891918749548,0.25216476013134537,-0.21942443174360943,1.0084296464920044,1.3751101940823127,0.3666805475903083,0.4624225199222564,0.23302198638089622,-0.2294005335413602,942.8836059570312,1168.7596147984411,225.87600884140988,1922.873779296875,1710.658060904152,-212.21571839272292,0.9973411718344788,0.9326672137891061,-0.06467395804537268,12018502656.0,14847319243.174063,2828816587.1740627
GradientBoosting,leave_one_pair_out_boundary_audit,MMCELP4_INCONEL718_TI6AL4V_V10,Inconel718->Ti6Al4V,Inconel718,Ti6Al4V,1150.0,10,PEEQ_MAX_REVIEW;NEAR_MELT_REVIEW,PASS_CEL_P4_CASE,True,216.35016608831003,166.71898766540008,-49.631178422909954,34.31058000296023,41.2408248348336,6.930244831873374,0.5093639265396632,0.25217752916470487,-0.25718639737495835,1.1144793033599854,1.4685034535764625,0.35402415021647715,0.5108830332756042,0.2400985649432927,-0.2707844683323115,1031.7933349609375,1221.1267895779515,189.333454617014,1927.9344482421875,1731.5617106187783,-196.3727376234092,0.999966000125616,0.9475347037116193,-0.052431296413996686,16359011328.0,15241931245.436588,-1117080082.5634117
GradientBoosting,leave_one_pair_out_boundary_audit,MMCELP4_TI6AL4V_TI6AL4V_V00,Ti6Al4V->Ti6Al4V,Ti6Al4V,Ti6Al4V,500.0,0,,PASS_CEL_P4_CASE,True,85.29434884584396,70.15729178099151,-15.137057064852442,17.04523574545537,22.188180282544913,5.142944537089544,0.0724238134353072,0.11494492863244485,0.04252111519713765,0.512882649898529,0.822104854950963,0.3092222050524339,0.0239270739257335,0.06999708168139718,0.04607000775566368,663.1607666015625,579.0992383897177,-84.0615282118448,525.1722412109375,698.7259778698102,173.5537366588727,0.343963053216578,0.4084670336200859,0.06450398040350791,6963420672.0,5750613035.881587,-1212807636.118413
GradientBoosting,leave_one_pair_out_boundary_audit,MMCELP4_TI6AL4V_TI6AL4V_V01,Ti6Al4V->Ti6Al4V,Ti6Al4V,Ti6Al4V,565.0,1,,PASS_CEL_P4_CASE,False,90.67398857115738,79.01214196408012,-11.661846607077266,20.14153517025823,24.166268838827488,4.024733668569258,0.0856950555316871,0.13584034605268572,0.050145290520998614,0.582818865776062,0.8715448337924415,0.2887259680163795,0.0355393849313259,0.09078327650692972,0.05524389157560382,723.3856811523438,603.378905834456,-120.00677531788779,610.9144897460938,767.3186136752612,156.40412392916744,0.3752000420914646,0.4551910493696064,0.07999100727814179,6705716736.0,6019198793.614883,-686517942.3851166
GradientBoosting,leave_one_pair_out_boundary_audit,MMCELP4_TI6AL4V_TI6AL4V_V02,Ti6Al4V->Ti6Al4V,Ti6Al4V,Ti6Al4V,630.0,2,,PASS_CEL_P4_CASE,False,97.08379274250284,94.28209232566896,-2.8017004168338815,22.922535011629986,25.78934018612783,2.866805174497845,0.1017550857795868,0.16650892045980153,0.06475383468021473,0.64458829164505,0.913864778292125,0.26927648664707493,0.0482398495078086,0.12255465186157596,0.07431480235376736,780.3802490234375,615.3497562376522,-165.03049278578533,726.669189453125,934.9578298818531,208.28864042872806,0.4047615399499157,0.5633023911221333,0.1585408511722176,7745701888.0,8293584737.91304,547882849.9130402
GradientBoosting,leave_one_pair_out_boundary_audit,MMCELP4_TI6AL4V_TI6AL4V_V03,Ti6Al4V->Ti6Al4V,Ti6Al4V,Ti6Al4V,695.0,3,,PASS_CEL_P4_CASE,False,107.24120577246474,109.6197890977802,2.3785833253154607,25.242919957946413,27.065984006454897,1.8230640485084848,0.1193444131786236,0.18462648801014298,0.06528207483151938,0.7204343676567078,0.9571526020528847,0.2367182343961769,0.0629952102899551,0.14487809167096002,0.08188288138100493,843.3167114257812,637.6777039313044,-205.6390074944768,900.1910400390625,1178.5360003333062,278.3449602942437,0.4669040664103021,0.7997661904533185,0.33286212404301646,6879916032.0,8312703994.33647,1432787962.3364697
GradientBoosting,leave_one_pair_out_boundary_audit,MMCELP4_TI6AL4V_TI6AL4V_V04,Ti6Al4V->Ti6Al4V,Ti6Al4V,Ti6Al4V,760.0,4,,PASS_CEL_P4_CASE,False,122.44707273115505,120.33611758908398,-2.110955142071063,27.00444640128679,25.518770008611405,-1.4856763926753835,0.1378610886604292,0.22915925406159987,0.09129816540117067,0.7867133617401123,0.9676395461012637,0.18092618436115138,0.0810173749923706,0.2067808407852696,0.125763465792899,895.3693237304688,648.2110369911879,-247.1582867392808,1074.137939453125,1366.5071337377883,292.3691942846633,0.5571254872682183,0.8882117602221483,0.33108627295393,7307118592.0,8312703994.33647,1005585402.3364697
GradientBoosting,leave_one_pair_out_boundary_audit,MMCELP4_TI6AL4V_TI6AL4V_V05,Ti6Al4V->Ti6Al4V,Ti6Al4V,Ti6Al4V,825.0,5,,PASS_CEL_P4_CASE,True,141.05559194135768,133.246070223017,-7.809521718340676,28.47290050536442,25.912597093363992,-2.5603034120004295,0.1568954212416429,0.2201580296699205,0.0632626084282776,0.8462955951690674,1.0024986230924124,0.15620302792334506,0.1022872254252433,0.20121265113097195,0.09892542570572865,945.1976318359376,671.7557742870483,-273.4418575488893,1304.084228515625,1527.8218497234998,223.73762120787478,0.6763922347072744,0.9182278459459239,0.2418356112386495,10485992448.0,8319595994.695259,-2166396453.304741
GradientBoosting,leave_one_pair_out_boundary_audit,MMCELP4_TI6AL4V_TI6AL4V_V06,Ti6Al4V->Ti6Al4V,Ti6Al4V,Ti6Al4V,890.0,6,,PASS_CEL_P4_CASE,False,157.18767782435762,144.71579524507166,-12.47188257928596,29.938133373791583,25.995787408832534,-3.942345964959049,0.1774288284650538,0.22044069589816784,0.043011867433114026,0.9101993441581726,1.0315358956018934,0.1213365514437208,0.1272137314081192,0.21308625699786407,0.08587252558974487,999.1552734375,749.7341845053851,-249.4210889321149,1526.3358154296875,1644.40211145769,118.0662960280024,0.7916679540610412,0.940548383373232,0.1488804293121908,13062705152.0,9214392296.897532,-3848312855.1024685
GradientBoosting,leave_one_pair_out_boundary_audit,MMCELP4_TI6AL4V_TI6AL4V_V07,Ti6Al4V->Ti6Al4V,Ti6Al4V,Ti6Al4V,955.0,7,,PASS_CEL_P4_CASE,False,170.2306314446482,151.54822208622218,-18.682409358426014,31.48063364187899,26.6812238296464,-4.7994098122325894,0.196910259546712,0.22044069589816784,0.023530436351455825,0.9698036313056946,1.0705777257703881,0.10077409446469354,0.1562209278345108,0.21693338843055063,0.060712460596039824,1060.16259765625,830.9181765704167,-229.24442108583332,1693.6983642578125,1693.0875357530772,-0.6108285047353093,0.8784742553204422,0.9489518080956503,0.07047755277520806,12870937600.0,9252976310.895193,-3617961289.104807
GradientBoosting,leave_one_pair_out_boundary_audit,MMCELP4_TI6AL4V_TI6AL4V_V08,Ti6Al4V->Ti6Al4V,Ti6Al4V,Ti6Al4V,1020.0,8,,PASS_CEL_P4_CASE,False,182.6187318186088,156.40306371706782,-26.215668101540984,33.117244925027926,27.698267112842224,-5.418977812185702,0.2188415237469598,0.2300195684065222,0.011178044659562403,1.0329302549362185,1.1398308872592198,0.10690063232300129,0.1860433369874954,0.23890785038221246,0.052864513394717066,1122.079833984375,912.8671535590876,-209.21268042528743,1765.745361328125,1696.2748644150695,-69.47049691305551,0.9158430297345048,0.9487805156048927,0.03293748587038792,14642691072.0,14151607172.67661,-491083899.32338905
GradientBoosting,leave_one_pair_out_boundary_audit,MMCELP4_TI6AL4V_TI6AL4V_V09,Ti6Al4V->Ti6Al4V,Ti6Al4V,Ti6Al4V,1085.0,9,,PASS_CEL_P4_CASE,False,190.40004138669616,162.24109553135605,-28.158945855340107,34.80175800244122,28.097143048587974,-6.704614953853245,0.2408290492894593,0.35398400467887764,0.11315495538941833,1.0958409309387207,1.2188478580318465,0.12300692709312577,0.2192915827035904,0.35314279342425614,0.13385121072066575,1204.4371337890625,913.4263283759794,-291.01080541308306,1802.181640625,1696.2646630641989,-105.91697756080112,0.9347415148469918,0.9493020980024518,0.01456058315546005,13853271040.0,12066645814.745996,-1786625225.2540035
GradientBoosting,leave_one_pair_out_boundary_audit,MMCELP4_TI6AL4V_TI6AL4V_V10,Ti6Al4V->Ti6Al4V,Ti6Al4V,Ti6Al4V,1150.0,10,NEAR_MELT_REVIEW,PASS_CEL_P4_CASE,True,200.1962698268956,168.63612416774203,-31.560145659153562,36.517377642737,30.790829280335558,-5.726548362401445,0.264530553977238,0.4151214980295317,0.15059094405229367,1.1649948358535769,1.3253615158426153,0.16036667998903842,0.2522788345813751,0.4038739901369494,0.1515951555555743,1277.01123046875,974.1446038579182,-302.86662661083176,1843.3641357421875,1698.1439865540285,-145.22014918815898,0.9561017301567364,0.9526686152407061,-0.0034331149160302665,15595612160.0,15889836451.499435,294224291.4994354
